-- MySQL dump 10.13  Distrib 8.0.28, for Win64 (x86_64)
--
-- Host: 127.0.0.1    Database: kzmp_energy
-- ------------------------------------------------------
-- Server version	8.0.29

/*!40101 SET @OLD_CHARACTER_SET_CLIENT=@@CHARACTER_SET_CLIENT */;
/*!40101 SET @OLD_CHARACTER_SET_RESULTS=@@CHARACTER_SET_RESULTS */;
/*!40101 SET @OLD_COLLATION_CONNECTION=@@COLLATION_CONNECTION */;
/*!50503 SET NAMES utf8 */;
/*!40103 SET @OLD_TIME_ZONE=@@TIME_ZONE */;
/*!40103 SET TIME_ZONE='+00:00' */;
/*!40014 SET @OLD_UNIQUE_CHECKS=@@UNIQUE_CHECKS, UNIQUE_CHECKS=0 */;
/*!40014 SET @OLD_FOREIGN_KEY_CHECKS=@@FOREIGN_KEY_CHECKS, FOREIGN_KEY_CHECKS=0 */;
/*!40101 SET @OLD_SQL_MODE=@@SQL_MODE, SQL_MODE='NO_AUTO_VALUE_ON_ZERO' */;
/*!40111 SET @OLD_SQL_NOTES=@@SQL_NOTES, SQL_NOTES=0 */;

--
-- Table structure for table `EnergyTable`
--

DROP TABLE IF EXISTS `EnergyTable`;
/*!40101 SET @saved_cs_client     = @@character_set_client */;
/*!50503 SET character_set_client = utf8mb4 */;
CREATE TABLE `EnergyTable` (
  `rowNumber` int NOT NULL AUTO_INCREMENT,
  `MeterID` int NOT NULL,
  `address` int DEFAULT NULL,
  `Year` int NOT NULL,
  `Month` varchar(100) CHARACTER SET utf8mb4 COLLATE utf8mb4_0900_ai_ci NOT NULL,
  `StartValue` varchar(50) CHARACTER SET utf8mb4 COLLATE utf8mb4_0900_ai_ci DEFAULT NULL,
  `EndValue` varchar(50) CHARACTER SET utf8mb4 COLLATE utf8mb4_0900_ai_ci DEFAULT NULL,
  `Total` varchar(50) CHARACTER SET utf8mb4 COLLATE utf8mb4_0900_ai_ci DEFAULT NULL,
  `Date` varchar(50) CHARACTER SET utf8mb4 COLLATE utf8mb4_0900_ai_ci DEFAULT NULL,
  PRIMARY KEY (`rowNumber`,`MeterID`)
) ENGINE=InnoDB AUTO_INCREMENT=48 DEFAULT CHARSET=utf8mb4 COLLATE=utf8mb4_0900_ai_ci;
/*!40101 SET character_set_client = @saved_cs_client */;

--
-- Dumping data for table `EnergyTable`
--

LOCK TABLES `EnergyTable` WRITE;
/*!40000 ALTER TABLE `EnergyTable` DISABLE KEYS */;
INSERT INTO `EnergyTable` VALUES (36,11,18,2022,'6','81,87799835205078','88,75900268554688','6,881004333496094','22.07.2022 11:08:46'),(37,12,86,2022,'6','87,45500183105469','95,88099670410156','8,425994873046875','22.07.2022 11:09:31'),(38,8,8,2022,'6','36169,3984375','36730,12890625','560,73046875','22.07.2022 11:36:48'),(39,9,11,2022,'6','34050,13671875','34427,359375','377,22265625','22.07.2022 11:37:33'),(40,10,19,2022,'6','54695,01953125','55539,25390625','844,234375','22.07.2022 11:38:18'),(41,15,99,2022,'6','17035,064453125','17461,599609375','426,53515625','22.07.2022 11:39:32'),(42,8,8,2022,'5','35788,35546875','36169,3984375','381,04296875','22.07.2022 11:45:03'),(43,9,11,2022,'5','33740,015625','34050,13671875','310,12109375','22.07.2022 11:45:51'),(44,10,19,2022,'5','54132,93359375','54695,01953125','562,0859375','22.07.2022 11:46:36'),(45,11,18,2022,'5','81,86599731445312','81,87799835205078','0,01200103759765625','22.07.2022 11:49:15'),(46,12,86,2022,'5','75,4260025024414','87,45500183105469','12,028999328613281','22.07.2022 11:50:00'),(47,15,99,2022,'5','16723,171875','17035,064453125','311,892578125','22.07.2022 11:51:15');
/*!40000 ALTER TABLE `EnergyTable` ENABLE KEYS */;
UNLOCK TABLES;

--
-- Table structure for table `RabbitMQLogs`
--

DROP TABLE IF EXISTS `RabbitMQLogs`;
/*!40101 SET @saved_cs_client     = @@character_set_client */;
/*!50503 SET character_set_client = utf8mb4 */;
CREATE TABLE `RabbitMQLogs` (
  `Id` int NOT NULL AUTO_INCREMENT,
  `Date` datetime(6) NOT NULL,
  `Status` varchar(100) DEFAULT NULL,
  `Message` longtext,
  PRIMARY KEY (`Id`)
) ENGINE=InnoDB AUTO_INCREMENT=18022 DEFAULT CHARSET=utf8mb4 COLLATE=utf8mb4_0900_ai_ci;
/*!40101 SET character_set_client = @saved_cs_client */;

--
-- Dumping data for table `RabbitMQLogs`
--

LOCK TABLES `RabbitMQLogs` WRITE;
/*!40000 ALTER TABLE `RabbitMQLogs` DISABLE KEYS */;
INSERT INTO `RabbitMQLogs` VALUES (17291,'2022-05-13 16:27:07.197000','info','RabbitMQ Client is trying to connect'),(17292,'2022-05-13 16:27:07.980000','info','RabbitMQ Client acquired a persistent connection to \'vm-server1\' and is subscribed to failure events'),(17293,'2022-05-13 16:27:08.033000','info','Creating RabbitMQ consumer channel'),(17294,'2022-05-13 16:27:08.113000','info','XML80020_RabbitMQ_Consumer starting...'),(17295,'2022-05-13 16:27:08.137000','info','Starting RabbitMQ basic consume'),(17296,'2022-05-13 16:27:14.837000','info','hello'),(17297,'2022-05-13 16:27:21.810000','info','hello2'),(17298,'2022-05-13 16:27:29.213000','info','hello3'),(17299,'2022-05-13 16:27:51.827000','info','hello79'),(17300,'2022-05-13 16:28:07.427000','info','hello0000'),(17301,'2022-05-13 16:30:16.517000','info','hello0001'),(17302,'2022-05-13 16:30:59.040000','info','XML80020_RabbitMQ_Consumer stopping...'),(17303,'2022-05-19 17:16:44.997000','info','RabbitMQ Client is trying to connect'),(17304,'2022-05-19 17:17:43.173000','info','RabbitMQ Client is trying to connect'),(17305,'2022-05-19 17:17:57.923000','info','RabbitMQ Client is trying to connect'),(17306,'2022-05-19 17:18:03.777000','info','RabbitMQ Client is trying to connect'),(17307,'2022-05-19 17:18:51.067000','info','RabbitMQ Client is trying to connect'),(17308,'2022-05-19 17:21:34.677000','info','RabbitMQ Client is trying to connect'),(17309,'2022-05-19 17:21:35.447000','info','RabbitMQ Client acquired a persistent connection to \'vm-server1\' and is subscribed to failure events'),(17310,'2022-05-19 17:21:35.493000','info','Creating RabbitMQ consumer channel'),(17311,'2022-05-19 17:21:35.643000','info','XML80020_RabbitMQ_Consumer starting...'),(17312,'2022-05-19 17:21:35.677000','info','Starting RabbitMQ basic consume'),(17313,'2022-05-19 17:23:55.540000','warning','A RabbitMQ connection is on shutdown. Trying to re-connect...'),(17314,'2022-05-19 17:23:55.550000','info','RabbitMQ Client is trying to connect'),(17315,'2022-05-19 17:24:09.100000','info','XML80020_RabbitMQ_Consumer stopping...'),(17316,'2022-06-01 08:38:14.939850','info','XML80020_RabbitMQ_Consumer starting...'),(17317,'2022-06-01 08:38:15.833410','info','RabbitMQ Client is trying to connect'),(17318,'2022-06-01 08:38:16.144870','error','None of the specified endpoints were reachable'),(17319,'2022-06-01 08:41:54.111426','info','XML80020_RabbitMQ_Consumer stopping...'),(17320,'2022-06-01 08:42:09.687787','info','XML80020_RabbitMQ_Consumer starting...'),(17321,'2022-06-01 08:42:10.673861','info','RabbitMQ Client is trying to connect'),(17322,'2022-06-01 08:42:11.012357','error','None of the specified endpoints were reachable'),(17323,'2022-06-01 08:48:48.673836','info','XML80020_RabbitMQ_Consumer stopping...'),(17324,'2022-06-01 08:49:55.791889','info','XML80020_RabbitMQ_Consumer starting...'),(17325,'2022-06-01 08:49:56.573402','info','RabbitMQ Client is trying to connect'),(17326,'2022-06-01 08:49:56.874541','error','None of the specified endpoints were reachable'),(17327,'2022-06-01 08:49:56.874983','error','FATAL ERROR: RabbitMQ connections could not be created and opened'),(17328,'2022-06-01 08:49:59.876649','info','RabbitMQ Client is trying to connect'),(17329,'2022-06-01 08:49:56.573402','info','RabbitMQ Client is trying to connect'),(17330,'2022-06-01 08:49:56.874541','error','None of the specified endpoints were reachable'),(17331,'2022-06-01 08:49:56.874983','error','FATAL ERROR: RabbitMQ connections could not be created and opened'),(17332,'2022-06-01 08:49:59.876649','info','RabbitMQ Client is trying to connect'),(17333,'2022-06-01 08:49:59.908524','error','None of the specified endpoints were reachable'),(17334,'2022-06-01 08:49:59.909018','error','FATAL ERROR: RabbitMQ connections could not be created and opened'),(17335,'2022-06-01 08:50:02.910939','info','RabbitMQ Client is trying to connect'),(17336,'2022-06-01 08:49:56.573402','info','RabbitMQ Client is trying to connect'),(17337,'2022-06-01 08:49:56.874541','error','None of the specified endpoints were reachable'),(17338,'2022-06-01 08:49:56.874983','error','FATAL ERROR: RabbitMQ connections could not be created and opened'),(17339,'2022-06-01 08:49:59.876649','info','RabbitMQ Client is trying to connect'),(17340,'2022-06-01 08:49:59.908524','error','None of the specified endpoints were reachable'),(17341,'2022-06-01 08:49:59.909018','error','FATAL ERROR: RabbitMQ connections could not be created and opened'),(17342,'2022-06-01 08:50:02.910939','info','RabbitMQ Client is trying to connect'),(17343,'2022-06-01 08:50:03.934010','info','RabbitMQ Client acquired a persistent connection to \'192.168.0.64\' and is subscribed to failure events'),(17344,'2022-06-01 08:50:03.939487','info','Creating RabbitMQ consumer channel'),(17345,'2022-06-01 08:50:03.978319','info','Starting RabbitMQ basic consume'),(17346,'2022-06-01 08:50:03.978890','error','StartBasicConsume can\'t call on _consumerChannel == null'),(17347,'2022-06-01 08:53:41.843217','info','XML80020_RabbitMQ_Consumer stopping...'),(17348,'2022-06-01 08:55:01.768042','info','XML80020_RabbitMQ_Consumer starting...'),(17349,'2022-06-01 08:55:02.776174','info','RabbitMQ Client is trying to connect'),(17350,'2022-06-01 08:55:02.960901','error','None of the specified endpoints were reachable'),(17351,'2022-06-01 08:55:02.961522','error','FATAL ERROR: RabbitMQ connections could not be created and opened'),(17352,'2022-06-01 08:55:05.963816','info','RabbitMQ Client is trying to connect'),(17353,'2022-06-01 08:55:02.776174','info','RabbitMQ Client is trying to connect'),(17354,'2022-06-01 08:55:02.960901','error','None of the specified endpoints were reachable'),(17355,'2022-06-01 08:55:02.961522','error','FATAL ERROR: RabbitMQ connections could not be created and opened'),(17356,'2022-06-01 08:55:05.963816','info','RabbitMQ Client is trying to connect'),(17357,'2022-06-01 08:55:05.994285','error','None of the specified endpoints were reachable'),(17358,'2022-06-01 08:55:05.994785','error','FATAL ERROR: RabbitMQ connections could not be created and opened'),(17359,'2022-06-01 08:55:08.996370','info','RabbitMQ Client is trying to connect'),(17360,'2022-06-01 08:55:09.039955','info','RabbitMQ Client acquired a persistent connection to \'192.168.0.64\' and is subscribed to failure events'),(17361,'2022-06-01 08:55:09.040727','info','Creating RabbitMQ consumer channel'),(17362,'2022-06-01 08:55:09.067760','info','Starting RabbitMQ basic consume'),(17363,'2022-06-01 08:55:09.068155','error','StartBasicConsume can\'t call on _consumerChannel == null'),(17364,'2022-06-01 09:02:25.950778','info','XML80020_RabbitMQ_Consumer stopping...'),(17365,'2022-06-01 13:42:56.046787','info','XML80020_RabbitMQ_Consumer starting...'),(17366,'2022-06-01 13:42:56.939843','info','RabbitMQ Client is trying to connect'),(17367,'2022-06-01 13:42:57.285136','error','None of the specified endpoints were reachable'),(17368,'2022-06-01 13:42:57.285621','error','FATAL ERROR: RabbitMQ connections could not be created and opened'),(17369,'2022-06-01 13:43:00.287921','info','RabbitMQ Client is trying to connect'),(17370,'2022-06-01 13:42:56.939843','info','RabbitMQ Client is trying to connect'),(17371,'2022-06-01 13:42:57.285136','error','None of the specified endpoints were reachable'),(17372,'2022-06-01 13:42:57.285621','error','FATAL ERROR: RabbitMQ connections could not be created and opened'),(17373,'2022-06-01 13:43:00.287921','info','RabbitMQ Client is trying to connect'),(17374,'2022-06-01 13:43:00.321480','error','None of the specified endpoints were reachable'),(17375,'2022-06-01 13:43:00.323086','error','FATAL ERROR: RabbitMQ connections could not be created and opened'),(17376,'2022-06-01 13:43:03.328653','info','RabbitMQ Client is trying to connect'),(17377,'2022-06-01 13:43:04.343004','info','RabbitMQ Client acquired a persistent connection to \'192.168.0.64\' and is subscribed to failure events'),(17378,'2022-06-01 13:43:04.345693','info','Creating RabbitMQ consumer channel'),(17379,'2022-06-01 13:43:04.372750','info','Starting RabbitMQ basic consume'),(17380,'2022-06-01 13:43:04.373070','error','StartBasicConsume can\'t call on _consumerChannel == null'),(17381,'2022-06-01 13:47:24.238419','info','XML80020_RabbitMQ_Consumer stopping...'),(17382,'2022-06-01 13:48:26.731449','info','XML80020_RabbitMQ_Consumer starting...'),(17383,'2022-06-01 13:48:27.665261','info','RabbitMQ Client is trying to connect'),(17384,'2022-06-01 13:48:27.940836','error','None of the specified endpoints were reachable'),(17385,'2022-06-01 13:48:27.941263','error','FATAL ERROR: RabbitMQ connections could not be created and opened'),(17386,'2022-06-01 13:48:30.943668','info','RabbitMQ Client is trying to connect'),(17387,'2022-06-01 13:48:27.665261','info','RabbitMQ Client is trying to connect'),(17388,'2022-06-01 13:48:27.940836','error','None of the specified endpoints were reachable'),(17389,'2022-06-01 13:48:27.941263','error','FATAL ERROR: RabbitMQ connections could not be created and opened'),(17390,'2022-06-01 13:48:30.943668','info','RabbitMQ Client is trying to connect'),(17391,'2022-06-01 13:48:30.977446','error','None of the specified endpoints were reachable'),(17392,'2022-06-01 13:48:30.977999','error','FATAL ERROR: RabbitMQ connections could not be created and opened'),(17393,'2022-06-01 13:48:33.983392','info','RabbitMQ Client is trying to connect'),(17394,'2022-06-01 13:48:34.018118','info','RabbitMQ Client acquired a persistent connection to \'192.168.0.64\' and is subscribed to failure events'),(17395,'2022-06-01 13:48:34.019522','info','Creating RabbitMQ consumer channel'),(17396,'2022-06-01 13:48:34.042242','info','Starting RabbitMQ basic consume'),(17397,'2022-06-01 13:48:34.042636','error','StartBasicConsume can\'t call on _consumerChannel == null'),(17398,'2022-06-01 16:50:31.631053','info','XML80020_RabbitMQ_Consumer stopping...'),(17399,'2022-06-03 13:11:10.360540','info','XML80020_RabbitMQ_Consumer starting...'),(17400,'2022-06-03 13:11:11.210126','info','RabbitMQ Client is trying to connect'),(17401,'2022-06-03 13:11:11.400850','info','RabbitMQ Client acquired a persistent connection to \'192.168.0.64\' and is subscribed to failure events'),(17402,'2022-06-03 13:11:11.438350','info','Creating RabbitMQ consumer channel'),(17403,'2022-06-03 13:11:11.493812','info','Starting RabbitMQ basic consume'),(17404,'2022-06-03 16:45:52.756861','info','XML80020_RabbitMQ_Consumer stopping...'),(17405,'2022-06-06 07:50:18.220191','info','XML80020_RabbitMQ_Consumer starting...'),(17406,'2022-06-06 12:58:56.892423','info','XML80020_RabbitMQ_Consumer starting...'),(17407,'2022-06-06 12:58:58.190377','info','RabbitMQ Client is trying to connect'),(17408,'2022-06-06 12:58:58.422428','info','RabbitMQ Client acquired a persistent connection to \'192.168.0.64\' and is subscribed to failure events'),(17409,'2022-06-06 12:58:58.449489','info','Creating RabbitMQ consumer channel'),(17410,'2022-06-06 12:58:58.498016','info','Starting RabbitMQ basic consume'),(17411,'2022-06-06 16:47:31.563741','info','XML80020_RabbitMQ_Consumer stopping...'),(17412,'2022-06-07 08:24:19.916269','info','XML80020_RabbitMQ_Consumer starting...'),(17413,'2022-06-07 08:24:21.665089','info','RabbitMQ Client is trying to connect'),(17414,'2022-06-07 08:24:21.897782','info','RabbitMQ Client acquired a persistent connection to \'192.168.0.64\' and is subscribed to failure events'),(17415,'2022-06-07 08:24:21.952612','info','Creating RabbitMQ consumer channel'),(17416,'2022-06-07 08:24:22.043291','info','Starting RabbitMQ basic consume'),(17417,'2022-06-07 12:01:30.566542','info','XML80020_RabbitMQ_Consumer stopping...'),(17418,'2022-06-07 12:58:22.625022','info','XML80020_RabbitMQ_Consumer starting...'),(17419,'2022-06-07 15:43:18.624367','info','XML80020_RabbitMQ_Consumer starting...'),(17420,'2022-06-07 15:46:01.386121','info','XML80020_RabbitMQ_Consumer starting...'),(17421,'2022-06-07 15:46:25.487364','info','XML80020_RabbitMQ_Consumer starting...'),(17422,'2022-06-07 15:49:42.630650','info','XML80020_RabbitMQ_Consumer starting...'),(17423,'2022-06-07 15:55:11.538315','info','XML80020_RabbitMQ_Consumer starting...'),(17424,'2022-06-07 16:00:06.024277','info','XML80020_RabbitMQ_Consumer starting...'),(17425,'2022-06-07 16:46:26.511040','info','XML80020_RabbitMQ_Consumer starting...'),(17426,'2022-06-07 16:47:42.407882','info','XML80020_RabbitMQ_Consumer starting...'),(17427,'2022-06-07 16:47:43.503991','info','RabbitMQ Client is trying to connect'),(17428,'2022-06-07 16:47:43.703657','info','RabbitMQ Client acquired a persistent connection to \'192.168.0.64\' and is subscribed to failure events'),(17429,'2022-06-07 16:47:43.730373','info','Creating RabbitMQ consumer channel'),(17430,'2022-06-07 16:47:43.784094','info','Starting RabbitMQ basic consume'),(17431,'2022-06-07 16:54:07.187883','info','XML80020_RabbitMQ_Consumer stopping...'),(17432,'2022-06-08 09:06:31.088574','info','XML80020_RabbitMQ_Consumer starting...'),(17433,'2022-06-08 10:07:43.129376','info','XML80020_RabbitMQ_Consumer starting...'),(17434,'2022-06-08 10:12:17.816815','info','XML80020_RabbitMQ_Consumer starting...'),(17435,'2022-06-08 10:14:09.230715','info','XML80020_RabbitMQ_Consumer starting...'),(17436,'2022-06-08 10:14:10.105857','info','RabbitMQ Client is trying to connect'),(17437,'2022-06-08 10:14:10.268188','info','RabbitMQ Client acquired a persistent connection to \'192.168.0.64\' and is subscribed to failure events'),(17438,'2022-06-08 10:14:10.297075','info','Creating RabbitMQ consumer channel'),(17439,'2022-06-08 10:14:10.339660','info','Starting RabbitMQ basic consume'),(17440,'2022-06-08 10:44:03.245529','info','XML80020_RabbitMQ_Consumer stopping...'),(17441,'2022-06-08 11:18:23.708012','info','XML80020_RabbitMQ_Consumer starting...'),(17442,'2022-06-08 11:18:24.702387','info','RabbitMQ Client is trying to connect'),(17443,'2022-06-08 11:18:24.920574','info','RabbitMQ Client acquired a persistent connection to \'192.168.0.64\' and is subscribed to failure events'),(17444,'2022-06-08 11:18:24.955878','info','Creating RabbitMQ consumer channel'),(17445,'2022-06-08 11:18:25.014007','info','Starting RabbitMQ basic consume'),(17446,'2022-06-08 12:00:33.658579','info','XML80020_RabbitMQ_Consumer stopping...'),(17447,'2022-06-08 12:34:12.111657','info','XML80020_RabbitMQ_Consumer starting...'),(17448,'2022-06-08 13:13:30.701689','info','XML80020_RabbitMQ_Consumer starting...'),(17449,'2022-06-08 13:16:15.343789','info','XML80020_RabbitMQ_Consumer starting...'),(17450,'2022-06-08 13:20:09.850822','info','XML80020_RabbitMQ_Consumer starting...'),(17451,'2022-06-08 13:21:57.808356','info','XML80020_RabbitMQ_Consumer starting...'),(17452,'2022-06-08 13:22:28.565614','info','XML80020_RabbitMQ_Consumer starting...'),(17453,'2022-06-08 13:23:39.399678','info','XML80020_RabbitMQ_Consumer starting...'),(17454,'2022-06-08 13:23:40.400467','info','RabbitMQ Client is trying to connect'),(17455,'2022-06-08 13:23:40.558018','info','RabbitMQ Client acquired a persistent connection to \'192.168.0.64\' and is subscribed to failure events'),(17456,'2022-06-08 13:23:40.582194','info','Creating RabbitMQ consumer channel'),(17457,'2022-06-08 13:23:40.624674','info','Starting RabbitMQ basic consume'),(17458,'2022-06-08 14:09:56.185493','info','XML80020_RabbitMQ_Consumer stopping...'),(17459,'2022-06-08 14:38:00.231565','info','XML80020_RabbitMQ_Consumer starting...'),(17460,'2022-06-08 14:38:01.365884','info','RabbitMQ Client is trying to connect'),(17461,'2022-06-08 14:38:01.568029','info','RabbitMQ Client acquired a persistent connection to \'192.168.0.64\' and is subscribed to failure events'),(17462,'2022-06-08 14:38:01.597341','info','Creating RabbitMQ consumer channel'),(17463,'2022-06-08 14:38:01.690753','info','Starting RabbitMQ basic consume'),(17464,'2022-06-08 16:24:06.554654','info','XML80020_RabbitMQ_Consumer stopping...'),(17465,'2022-06-09 07:58:05.225801','info','XML80020_RabbitMQ_Consumer starting...'),(17466,'2022-06-09 10:32:35.714613','info','XML80020_RabbitMQ_Consumer starting...'),(17467,'2022-06-09 10:35:36.125782','info','XML80020_RabbitMQ_Consumer starting...'),(17468,'2022-06-09 10:35:37.217439','info','RabbitMQ Client is trying to connect'),(17469,'2022-06-09 10:35:37.361163','info','RabbitMQ Client acquired a persistent connection to \'192.168.0.64\' and is subscribed to failure events'),(17470,'2022-06-09 10:35:37.394511','info','Creating RabbitMQ consumer channel'),(17471,'2022-06-09 10:35:37.448890','info','Starting RabbitMQ basic consume'),(17472,'2022-06-09 11:57:42.550205','info','XML80020_RabbitMQ_Consumer stopping...'),(17473,'2022-06-09 12:25:03.544285','info','XML80020_RabbitMQ_Consumer starting...'),(17474,'2022-06-09 12:25:05.592083','info','RabbitMQ Client is trying to connect'),(17475,'2022-06-09 12:25:05.786093','info','RabbitMQ Client acquired a persistent connection to \'192.168.0.64\' and is subscribed to failure events'),(17476,'2022-06-09 12:25:05.826199','info','Creating RabbitMQ consumer channel'),(17477,'2022-06-09 12:25:05.903546','info','Starting RabbitMQ basic consume'),(17478,'2022-06-09 14:17:21.641418','info','XML80020_RabbitMQ_Consumer stopping...'),(17479,'2022-06-09 15:04:13.580043','info','XML80020_RabbitMQ_Consumer starting...'),(17480,'2022-06-09 15:04:15.041642','info','RabbitMQ Client is trying to connect'),(17481,'2022-06-09 15:04:15.203766','info','RabbitMQ Client acquired a persistent connection to \'192.168.0.64\' and is subscribed to failure events'),(17482,'2022-06-09 15:04:15.227966','info','Creating RabbitMQ consumer channel'),(17483,'2022-06-09 15:04:15.267869','info','Starting RabbitMQ basic consume'),(17484,'2022-06-09 16:44:13.829511','info','XML80020_RabbitMQ_Consumer stopping...'),(17485,'2022-06-14 08:20:16.424229','info','XML80020_RabbitMQ_Consumer starting...'),(17486,'2022-06-15 15:38:35.910612','info','XML80020_RabbitMQ_Consumer starting...'),(17487,'2022-06-16 07:55:23.958720','info','XML80020_RabbitMQ_Consumer starting...'),(17488,'2022-06-16 08:05:13.059205','info','XML80020_RabbitMQ_Consumer starting...'),(17489,'2022-06-16 08:17:04.473672','info','XML80020_RabbitMQ_Consumer starting...'),(17490,'2022-06-16 10:31:57.841123','info','XML80020_RabbitMQ_Consumer starting...'),(17491,'2022-06-16 11:37:14.496966','info','XML80020_RabbitMQ_Consumer starting...'),(17492,'2022-06-16 12:48:09.306577','info','XML80020_RabbitMQ_Consumer starting...'),(17493,'2022-06-16 12:48:10.390266','info','RabbitMQ Client is trying to connect'),(17494,'2022-06-16 12:48:12.786368','error','None of the specified endpoints were reachable'),(17495,'2022-06-16 12:48:12.788749','error','FATAL ERROR: RabbitMQ connections could not be created and opened'),(17496,'2022-06-16 12:48:15.824839','info','RabbitMQ Client is trying to connect'),(17497,'2022-06-16 12:48:18.028808','error','None of the specified endpoints were reachable'),(17498,'2022-06-16 12:48:18.031141','error','FATAL ERROR: RabbitMQ connections could not be created and opened'),(17499,'2022-06-16 12:48:21.070497','info','RabbitMQ Client is trying to connect'),(17500,'2022-06-16 12:48:23.454167','error','None of the specified endpoints were reachable'),(17501,'2022-06-16 12:48:23.456313','error','FATAL ERROR: RabbitMQ connections could not be created and opened'),(17502,'2022-06-16 12:48:26.498181','info','RabbitMQ Client is trying to connect'),(17503,'2022-06-16 12:48:28.539725','error','None of the specified endpoints were reachable'),(17504,'2022-06-16 12:48:28.584616','error','FATAL ERROR: RabbitMQ connections could not be created and opened'),(17505,'2022-06-16 12:48:31.798977','info','RabbitMQ Client is trying to connect'),(17506,'2022-06-16 12:48:33.848322','error','None of the specified endpoints were reachable'),(17507,'2022-06-16 12:48:33.886530','error','FATAL ERROR: RabbitMQ connections could not be created and opened'),(17508,'2022-06-16 12:48:36.920701','info','RabbitMQ Client is trying to connect'),(17509,'2022-06-16 12:48:38.956806','error','None of the specified endpoints were reachable'),(17510,'2022-06-16 12:48:39.096989','error','FATAL ERROR: RabbitMQ connections could not be created and opened'),(17511,'2022-06-16 12:48:42.138874','info','RabbitMQ Client is trying to connect'),(17512,'2022-06-16 12:48:44.277005','error','None of the specified endpoints were reachable'),(17513,'2022-06-16 12:48:44.279169','error','FATAL ERROR: RabbitMQ connections could not be created and opened'),(17514,'2022-06-16 12:48:47.310514','info','RabbitMQ Client is trying to connect'),(17515,'2022-06-16 12:48:49.339653','error','None of the specified endpoints were reachable'),(17516,'2022-06-16 12:48:49.433685','error','FATAL ERROR: RabbitMQ connections could not be created and opened'),(17517,'2022-06-16 12:48:52.469839','info','RabbitMQ Client is trying to connect'),(17518,'2022-06-16 12:48:54.506807','error','None of the specified endpoints were reachable'),(17519,'2022-06-16 12:48:54.552707','error','FATAL ERROR: RabbitMQ connections could not be created and opened'),(17520,'2022-06-16 12:48:57.675470','info','RabbitMQ Client is trying to connect'),(17521,'2022-06-16 12:48:59.714146','error','None of the specified endpoints were reachable'),(17522,'2022-06-16 12:48:59.745336','error','FATAL ERROR: RabbitMQ connections could not be created and opened'),(17523,'2022-06-16 12:49:02.856465','info','RabbitMQ Client is trying to connect'),(17524,'2022-06-16 12:49:03.227755','error','None of the specified endpoints were reachable'),(17525,'2022-06-16 12:49:03.315316','error','FATAL ERROR: RabbitMQ connections could not be created and opened'),(17526,'2022-06-16 12:49:06.359365','info','RabbitMQ Client is trying to connect'),(17527,'2022-06-16 12:49:06.412251','error','None of the specified endpoints were reachable'),(17528,'2022-06-16 12:49:06.460215','error','FATAL ERROR: RabbitMQ connections could not be created and opened'),(17529,'2022-06-16 12:49:09.500951','info','RabbitMQ Client is trying to connect'),(17530,'2022-06-16 12:49:09.592076','error','None of the specified endpoints were reachable'),(17531,'2022-06-16 12:49:09.595015','error','FATAL ERROR: RabbitMQ connections could not be created and opened'),(17532,'2022-06-16 12:49:12.640731','info','RabbitMQ Client is trying to connect'),(17533,'2022-06-16 12:49:12.693812','info','RabbitMQ Client acquired a persistent connection to \'192.168.0.64\' and is subscribed to failure events'),(17534,'2022-06-16 12:49:12.698885','info','Creating RabbitMQ consumer channel'),(17535,'2022-06-16 12:49:12.747923','info','Starting RabbitMQ basic consume'),(17536,'2022-06-16 13:04:53.930594','info','XML80020_RabbitMQ_Consumer starting...'),(17537,'2022-06-16 13:06:11.640064','info','XML80020_RabbitMQ_Consumer starting...'),(17538,'2022-06-16 13:07:19.432351','info','XML80020_RabbitMQ_Consumer starting...'),(17539,'2022-06-16 13:15:05.980013','info','XML80020_RabbitMQ_Consumer starting...'),(17540,'2022-06-16 13:18:16.581492','info','XML80020_RabbitMQ_Consumer starting...'),(17541,'2022-06-16 13:19:15.527922','info','XML80020_RabbitMQ_Consumer starting...'),(17542,'2022-06-16 13:19:16.728447','info','RabbitMQ Client is trying to connect'),(17543,'2022-06-16 13:19:16.915201','info','RabbitMQ Client acquired a persistent connection to \'192.168.0.64\' and is subscribed to failure events'),(17544,'2022-06-16 13:19:16.938055','info','Creating RabbitMQ consumer channel'),(17545,'2022-06-16 13:19:16.989657','info','Starting RabbitMQ basic consume'),(17546,'2022-06-16 13:19:41.820931','info','XML80020_RabbitMQ_Consumer stopping...'),(17547,'2022-06-16 13:19:50.875949','info','XML80020_RabbitMQ_Consumer starting...'),(17548,'2022-06-16 13:19:51.889634','info','RabbitMQ Client is trying to connect'),(17549,'2022-06-16 13:19:52.063044','info','RabbitMQ Client acquired a persistent connection to \'192.168.0.64\' and is subscribed to failure events'),(17550,'2022-06-16 13:19:52.099309','info','Creating RabbitMQ consumer channel'),(17551,'2022-06-16 13:19:52.142398','info','Starting RabbitMQ basic consume'),(17552,'2022-06-16 13:21:27.575595','info','XML80020_RabbitMQ_Consumer stopping...'),(17553,'2022-06-16 13:21:39.061220','info','XML80020_RabbitMQ_Consumer starting...'),(17554,'2022-06-17 11:44:52.105121','info','XML80020_RabbitMQ_Consumer starting...'),(17555,'2022-06-17 11:46:55.553104','info','XML80020_RabbitMQ_Consumer starting...'),(17556,'2022-06-17 11:52:24.743147','info','XML80020_RabbitMQ_Consumer starting...'),(17557,'2022-06-17 14:15:00.811416','info','XML80020_RabbitMQ_Consumer starting...'),(17558,'2022-06-17 14:46:41.173006','info','XML80020_RabbitMQ_Consumer starting...'),(17559,'2022-06-17 16:06:09.139386','info','XML80020_RabbitMQ_Consumer starting...'),(17560,'2022-06-20 09:13:20.698443','info','XML80020_RabbitMQ_Consumer starting...'),(17561,'2022-06-20 10:29:38.927733','info','XML80020_RabbitMQ_Consumer starting...'),(17562,'2022-06-20 10:32:48.225585','info','XML80020_RabbitMQ_Consumer starting...'),(17563,'2022-06-20 11:23:11.856339','info','XML80020_RabbitMQ_Consumer starting...'),(17564,'2022-06-20 11:31:04.571313','info','XML80020_RabbitMQ_Consumer starting...'),(17565,'2022-06-20 11:33:45.590829','info','XML80020_RabbitMQ_Consumer starting...'),(17566,'2022-06-20 11:46:31.690040','info','XML80020_RabbitMQ_Consumer starting...'),(17567,'2022-06-20 13:03:08.860884','info','XML80020_RabbitMQ_Consumer starting...'),(17568,'2022-06-20 13:06:53.277520','info','XML80020_RabbitMQ_Consumer starting...'),(17569,'2022-06-20 13:06:54.411621','info','RabbitMQ Client is trying to connect'),(17570,'2022-06-20 13:06:54.593754','info','RabbitMQ Client acquired a persistent connection to \'192.168.0.64\' and is subscribed to failure events'),(17571,'2022-06-20 13:06:54.618693','info','Creating RabbitMQ consumer channel'),(17572,'2022-06-20 13:06:54.659330','info','Starting RabbitMQ basic consume'),(17573,'2022-06-20 13:08:15.442834','info','XML80020_RabbitMQ_Consumer stopping...'),(17574,'2022-06-20 13:11:31.433006','info','XML80020_RabbitMQ_Consumer starting...'),(17575,'2022-06-20 13:14:39.438595','info','XML80020_RabbitMQ_Consumer starting...'),(17576,'2022-06-20 13:22:36.959010','info','XML80020_RabbitMQ_Consumer starting...'),(17577,'2022-06-20 13:36:14.218535','info','XML80020_RabbitMQ_Consumer starting...'),(17578,'2022-06-20 13:36:15.088148','info','RabbitMQ Client is trying to connect'),(17579,'2022-06-20 13:36:15.282698','info','RabbitMQ Client acquired a persistent connection to \'192.168.0.64\' and is subscribed to failure events'),(17580,'2022-06-20 13:36:15.306043','info','Creating RabbitMQ consumer channel'),(17581,'2022-06-20 13:36:15.347963','info','Starting RabbitMQ basic consume'),(17582,'2022-06-20 13:37:04.707646','info','XML80020_RabbitMQ_Consumer stopping...'),(17583,'2022-06-20 13:40:13.377248','info','XML80020_RabbitMQ_Consumer starting...'),(17584,'2022-06-20 13:41:35.017151','info','XML80020_RabbitMQ_Consumer starting...'),(17585,'2022-06-20 14:20:38.802093','info','XML80020_RabbitMQ_Consumer starting...'),(17586,'2022-06-20 14:22:12.576796','info','XML80020_RabbitMQ_Consumer starting...'),(17587,'2022-06-20 14:29:36.707507','info','XML80020_RabbitMQ_Consumer starting...'),(17588,'2022-06-20 15:25:16.917295','info','XML80020_RabbitMQ_Consumer starting...'),(17589,'2022-06-20 15:32:59.412238','info','XML80020_RabbitMQ_Consumer starting...'),(17590,'2022-06-20 15:38:14.374370','info','XML80020_RabbitMQ_Consumer starting...'),(17591,'2022-06-20 15:41:11.840648','info','XML80020_RabbitMQ_Consumer starting...'),(17592,'2022-06-20 15:55:18.648574','info','XML80020_RabbitMQ_Consumer starting...'),(17593,'2022-06-20 16:11:19.544705','info','XML80020_RabbitMQ_Consumer starting...'),(17594,'2022-06-20 16:12:34.575597','info','XML80020_RabbitMQ_Consumer starting...'),(17595,'2022-06-20 16:15:58.600262','info','XML80020_RabbitMQ_Consumer starting...'),(17596,'2022-06-20 16:52:42.109469','info','XML80020_RabbitMQ_Consumer starting...'),(17597,'2022-06-22 13:28:22.148462','info','XML80020_RabbitMQ_Consumer starting...'),(17598,'2022-06-22 13:48:54.428423','info','XML80020_RabbitMQ_Consumer starting...'),(17599,'2022-06-22 14:06:22.313350','info','XML80020_RabbitMQ_Consumer starting...'),(17600,'2022-06-22 14:12:05.248267','info','XML80020_RabbitMQ_Consumer starting...'),(17601,'2022-06-22 14:21:12.176352','info','XML80020_RabbitMQ_Consumer starting...'),(17602,'2022-06-22 14:22:57.176092','info','XML80020_RabbitMQ_Consumer starting...'),(17603,'2022-06-22 14:51:02.095908','info','XML80020_RabbitMQ_Consumer starting...'),(17604,'2022-06-22 14:56:43.043614','info','XML80020_RabbitMQ_Consumer starting...'),(17605,'2022-06-22 15:19:40.011280','info','XML80020_RabbitMQ_Consumer starting...'),(17606,'2022-06-22 15:22:09.807725','info','XML80020_RabbitMQ_Consumer starting...'),(17607,'2022-06-22 15:24:03.559492','info','XML80020_RabbitMQ_Consumer starting...'),(17608,'2022-06-22 15:36:15.907433','info','XML80020_RabbitMQ_Consumer starting...'),(17609,'2022-06-22 15:42:18.931756','info','XML80020_RabbitMQ_Consumer starting...'),(17610,'2022-06-22 15:52:17.453701','info','XML80020_RabbitMQ_Consumer starting...'),(17611,'2022-06-22 15:56:03.745291','info','XML80020_RabbitMQ_Consumer starting...'),(17612,'2022-06-22 16:20:17.379748','info','XML80020_RabbitMQ_Consumer starting...'),(17613,'2022-06-23 07:56:16.573889','info','XML80020_RabbitMQ_Consumer starting...'),(17614,'2022-06-23 11:22:37.030254','info','XML80020_RabbitMQ_Consumer starting...'),(17615,'2022-06-23 11:27:16.664032','info','XML80020_RabbitMQ_Consumer starting...'),(17616,'2022-06-23 11:30:47.521791','info','XML80020_RabbitMQ_Consumer starting...'),(17617,'2022-06-23 11:54:07.742547','info','XML80020_RabbitMQ_Consumer starting...'),(17618,'2022-06-23 12:00:08.760623','info','XML80020_RabbitMQ_Consumer starting...'),(17619,'2022-06-23 12:54:49.033036','info','XML80020_RabbitMQ_Consumer starting...'),(17620,'2022-06-23 12:57:10.672201','info','XML80020_RabbitMQ_Consumer starting...'),(17621,'2022-06-23 12:59:40.819377','info','XML80020_RabbitMQ_Consumer starting...'),(17622,'2022-06-23 13:02:08.425742','info','XML80020_RabbitMQ_Consumer starting...'),(17623,'2022-06-23 10:06:33.631280','info','XML80020_RabbitMQ_Consumer starting...'),(17624,'2022-06-23 10:06:33.631280','info','XML80020_RabbitMQ_Consumer starting...'),(17625,'2022-06-23 10:06:34.769409','info','RabbitMQ Client is trying to connect'),(17626,'2022-06-23 10:06:35.490568','info','RabbitMQ Client acquired a persistent connection to \'192.168.0.64\' and is subscribed to failure events'),(17627,'2022-06-23 10:06:35.491823','info','Creating RabbitMQ consumer channel'),(17628,'2022-06-23 10:06:36.467062','info','Starting RabbitMQ basic consume'),(17629,'2022-06-23 10:22:10.931493','info','XML80020_RabbitMQ_Consumer starting...'),(17630,'2022-06-23 10:22:10.931493','info','XML80020_RabbitMQ_Consumer starting...'),(17631,'2022-06-23 10:22:11.915433','info','RabbitMQ Client is trying to connect'),(17632,'2022-06-23 10:22:12.494492','info','RabbitMQ Client acquired a persistent connection to \'192.168.0.64\' and is subscribed to failure events'),(17633,'2022-06-23 10:22:12.495681','info','Creating RabbitMQ consumer channel'),(17634,'2022-06-23 10:22:14.724728','info','Starting RabbitMQ basic consume'),(17635,'2022-06-23 10:23:58.971739','info','XML80020_RabbitMQ_Consumer starting...'),(17636,'2022-06-23 10:23:58.971739','info','XML80020_RabbitMQ_Consumer starting...'),(17637,'2022-06-23 10:23:59.847057','info','RabbitMQ Client is trying to connect'),(17638,'2022-06-23 10:24:00.476836','info','RabbitMQ Client acquired a persistent connection to \'192.168.0.64\' and is subscribed to failure events'),(17639,'2022-06-23 10:24:00.478595','info','Creating RabbitMQ consumer channel'),(17640,'2022-06-23 10:24:00.515645','info','Starting RabbitMQ basic consume'),(17641,'2022-06-23 13:33:55.822235','info','XML80020_RabbitMQ_Consumer starting...'),(17642,'2022-06-23 13:37:02.720674','info','XML80020_RabbitMQ_Consumer starting...'),(17643,'2022-06-24 07:53:46.545885','info','XML80020_RabbitMQ_Consumer starting...'),(17644,'2022-06-24 11:53:27.290969','info','XML80020_RabbitMQ_Consumer starting...'),(17645,'2022-06-24 13:12:48.505855','info','XML80020_RabbitMQ_Consumer starting...'),(17646,'2022-06-24 13:16:40.951558','info','XML80020_RabbitMQ_Consumer starting...'),(17647,'2022-06-24 13:50:12.303367','info','XML80020_RabbitMQ_Consumer starting...'),(17648,'2022-06-24 15:58:21.030399','info','XML80020_RabbitMQ_Consumer starting...'),(17649,'2022-06-24 17:07:50.584289','info','XML80020_RabbitMQ_Consumer starting...'),(17650,'2022-06-27 07:57:49.782239','info','XML80020_RabbitMQ_Consumer starting...'),(17651,'2022-06-27 08:59:11.196338','info','XML80020_RabbitMQ_Consumer starting...'),(17652,'2022-06-27 09:36:32.076552','info','XML80020_RabbitMQ_Consumer starting...'),(17653,'2022-06-27 09:48:21.546973','info','XML80020_RabbitMQ_Consumer starting...'),(17654,'2022-06-27 09:48:22.999895','info','RabbitMQ Client is trying to connect'),(17655,'2022-06-27 09:48:23.178706','info','RabbitMQ Client acquired a persistent connection to \'192.168.0.64\' and is subscribed to failure events'),(17656,'2022-06-27 09:48:23.200610','info','Creating RabbitMQ consumer channel'),(17657,'2022-06-27 09:48:23.267822','info','Starting RabbitMQ basic consume'),(17658,'2022-06-27 09:53:03.964332','info','XML80020_RabbitMQ_Consumer stopping...'),(17659,'2022-06-27 10:30:35.349820','info','XML80020_RabbitMQ_Consumer starting...'),(17660,'2022-06-27 10:57:29.027932','info','XML80020_RabbitMQ_Consumer starting...'),(17661,'2022-06-27 11:01:36.046965','info','XML80020_RabbitMQ_Consumer starting...'),(17662,'2022-06-27 11:02:29.950668','info','XML80020_RabbitMQ_Consumer starting...'),(17663,'2022-06-27 11:11:09.853100','info','XML80020_RabbitMQ_Consumer starting...'),(17664,'2022-06-27 11:11:10.746157','info','RabbitMQ Client is trying to connect'),(17665,'2022-06-27 11:11:10.907779','info','RabbitMQ Client acquired a persistent connection to \'192.168.0.64\' and is subscribed to failure events'),(17666,'2022-06-27 11:11:10.932675','info','Creating RabbitMQ consumer channel'),(17667,'2022-06-27 11:11:10.987194','info','Starting RabbitMQ basic consume'),(17668,'2022-06-27 11:56:26.029350','info','XML80020_RabbitMQ_Consumer stopping...'),(17669,'2022-06-27 13:03:52.773592','info','XML80020_RabbitMQ_Consumer starting...'),(17670,'2022-06-28 13:10:42.339180','info','XML80020_RabbitMQ_Consumer starting...'),(17671,'2022-06-28 14:14:20.888956','info','XML80020_RabbitMQ_Consumer starting...'),(17672,'2022-06-28 15:48:49.336134','info','XML80020_RabbitMQ_Consumer starting...'),(17673,'2022-06-29 08:01:51.772460','info','XML80020_RabbitMQ_Consumer starting...'),(17674,'2022-06-29 08:49:02.321162','info','XML80020_RabbitMQ_Consumer starting...'),(17675,'2022-06-29 09:19:16.938041','info','XML80020_RabbitMQ_Consumer starting...'),(17676,'2022-06-29 09:19:59.506206','info','XML80020_RabbitMQ_Consumer starting...'),(17677,'2022-06-29 10:37:09.023647','info','XML80020_RabbitMQ_Consumer starting...'),(17678,'2022-06-29 10:37:09.835757','info','RabbitMQ Client is trying to connect'),(17679,'2022-06-29 10:37:09.997683','info','RabbitMQ Client acquired a persistent connection to \'192.168.0.64\' and is subscribed to failure events'),(17680,'2022-06-29 10:37:10.017624','info','Creating RabbitMQ consumer channel'),(17681,'2022-06-29 10:37:10.053843','info','Starting RabbitMQ basic consume'),(17682,'2022-06-29 12:01:54.653733','info','XML80020_RabbitMQ_Consumer stopping...'),(17683,'2022-06-29 13:08:55.742336','info','XML80020_RabbitMQ_Consumer starting...'),(17684,'2022-06-29 13:08:56.541267','info','RabbitMQ Client is trying to connect'),(17685,'2022-06-29 13:08:56.732182','info','RabbitMQ Client acquired a persistent connection to \'192.168.0.64\' and is subscribed to failure events'),(17686,'2022-06-29 13:08:56.766645','info','Creating RabbitMQ consumer channel'),(17687,'2022-06-29 13:08:56.830598','info','Starting RabbitMQ basic consume'),(17688,'2022-06-29 13:26:30.814201','info','XML80020_RabbitMQ_Consumer stopping...'),(17689,'2022-06-29 15:57:40.517192','info','XML80020_RabbitMQ_Consumer starting...'),(17690,'2022-06-29 15:57:41.425032','info','RabbitMQ Client is trying to connect'),(17691,'2022-06-29 15:57:41.685244','info','RabbitMQ Client acquired a persistent connection to \'192.168.0.64\' and is subscribed to failure events'),(17692,'2022-06-29 15:57:41.716990','info','Creating RabbitMQ consumer channel'),(17693,'2022-06-29 15:57:41.761987','info','Starting RabbitMQ basic consume'),(17694,'2022-06-29 17:02:21.646604','info','XML80020_RabbitMQ_Consumer stopping...'),(17695,'2022-06-30 14:07:35.664224','info','XML80020_RabbitMQ_Consumer starting...'),(17696,'2022-06-30 14:52:58.874224','info','XML80020_RabbitMQ_Consumer starting...'),(17697,'2022-06-30 16:12:05.170394','info','XML80020_RabbitMQ_Consumer starting...'),(17698,'2022-06-30 16:12:13.795949','info','XML80020_RabbitMQ_Consumer starting...'),(17699,'2022-06-30 16:16:18.611274','info','XML80020_RabbitMQ_Consumer starting...'),(17700,'2022-06-30 16:17:04.558981','info','XML80020_RabbitMQ_Consumer starting...'),(17701,'2022-06-30 16:22:06.852824','info','XML80020_RabbitMQ_Consumer starting...'),(17702,'2022-06-30 16:22:22.566297','info','XML80020_RabbitMQ_Consumer starting...'),(17703,'2022-06-30 16:56:38.945397','info','XML80020_RabbitMQ_Consumer starting...'),(17704,'2022-06-30 17:13:47.854533','info','XML80020_RabbitMQ_Consumer starting...'),(17705,'2022-06-30 17:13:48.555236','info','RabbitMQ Client is trying to connect'),(17706,'2022-06-30 17:13:48.616974','info','RabbitMQ Client acquired a persistent connection to \'192.168.0.64\' and is subscribed to failure events'),(17707,'2022-06-30 17:13:48.618032','info','Creating RabbitMQ consumer channel'),(17708,'2022-06-30 17:13:48.634646','info','Starting RabbitMQ basic consume'),(17709,'2022-06-30 17:22:00.269580','info','XML80020_RabbitMQ_Consumer stopping...'),(17710,'2022-07-01 08:23:19.122478','info','XML80020_RabbitMQ_Consumer starting...'),(17711,'2022-07-01 08:39:53.615289','info','XML80020_RabbitMQ_Consumer starting...'),(17712,'2022-07-01 11:11:40.766317','info','XML80020_RabbitMQ_Consumer starting...'),(17713,'2022-07-01 11:11:41.555838','info','RabbitMQ Client is trying to connect'),(17714,'2022-07-01 11:11:41.671125','info','RabbitMQ Client acquired a persistent connection to \'192.168.0.64\' and is subscribed to failure events'),(17715,'2022-07-01 11:11:41.672232','info','Creating RabbitMQ consumer channel'),(17716,'2022-07-01 11:11:41.689605','info','Starting RabbitMQ basic consume'),(17717,'2022-07-01 11:15:00.151331','info','XML80020_RabbitMQ_Consumer stopping...'),(17718,'2022-07-01 12:52:37.450965','info','XML80020_RabbitMQ_Consumer starting...'),(17719,'2022-07-01 13:31:09.984856','info','XML80020_RabbitMQ_Consumer starting...'),(17720,'2022-07-01 13:31:50.765046','info','XML80020_RabbitMQ_Consumer starting...'),(17721,'2022-07-01 13:37:00.914857','info','XML80020_RabbitMQ_Consumer starting...'),(17722,'2022-07-01 13:38:35.724421','info','XML80020_RabbitMQ_Consumer starting...'),(17723,'2022-07-01 13:59:19.991427','info','XML80020_RabbitMQ_Consumer starting...'),(17724,'2022-07-01 13:59:41.113957','info','XML80020_RabbitMQ_Consumer starting...'),(17725,'2022-07-01 14:00:28.800389','info','XML80020_RabbitMQ_Consumer starting...'),(17726,'2022-07-04 08:03:50.111187','info','XML80020_RabbitMQ_Consumer starting...'),(17727,'2022-07-06 15:47:13.286506','info','XML80020_RabbitMQ_Consumer starting...'),(17728,'2022-07-06 15:47:14.025124','info','RabbitMQ Client is trying to connect'),(17729,'2022-07-06 15:47:14.085278','info','RabbitMQ Client acquired a persistent connection to \'192.168.0.64\' and is subscribed to failure events'),(17730,'2022-07-06 15:47:14.086318','info','Creating RabbitMQ consumer channel'),(17731,'2022-07-06 15:47:14.102050','info','Starting RabbitMQ basic consume'),(17732,'2022-07-06 15:49:37.553767','info','RabbitMQ Client is trying to connect'),(17733,'2022-07-06 15:49:37.584974','error','None of the specified endpoints were reachable'),(17734,'2022-07-06 15:49:37.586886','error','FATAL ERROR: RabbitMQ connections could not be created and opened'),(17735,'2022-07-06 15:49:37.588297','warning','A RabbitMQ connection is on shutdown. Trying to re-connect...'),(17736,'2022-07-06 16:10:25.252941','info','XML80020_RabbitMQ_Consumer stopping...'),(17737,'2022-07-06 16:11:16.511145','info','XML80020_RabbitMQ_Consumer starting...'),(17738,'2022-07-06 16:17:23.853269','info','XML80020_RabbitMQ_Consumer starting...'),(17739,'2022-07-06 16:23:16.406331','info','XML80020_RabbitMQ_Consumer starting...'),(17740,'2022-07-18 10:40:56.795824','info','XML80020_RabbitMQ_Consumer starting...'),(17741,'2022-07-18 10:40:57.468522','info','RabbitMQ Client is trying to connect'),(17742,'2022-07-18 10:40:57.531912','info','RabbitMQ Client acquired a persistent connection to \'192.168.0.64\' and is subscribed to failure events'),(17743,'2022-07-18 10:40:57.532986','info','Creating RabbitMQ consumer channel'),(17744,'2022-07-18 10:40:57.549276','info','Starting RabbitMQ basic consume'),(17745,'2022-07-18 10:47:39.604642','info','XML80020_RabbitMQ_Consumer stopping...'),(17746,'2022-07-18 10:47:44.009813','info','XML80020_RabbitMQ_Consumer starting...'),(17747,'2022-07-18 10:47:44.668240','info','RabbitMQ Client is trying to connect'),(17748,'2022-07-18 10:47:44.756121','info','RabbitMQ Client acquired a persistent connection to \'192.168.0.64\' and is subscribed to failure events'),(17749,'2022-07-18 10:47:44.757029','info','Creating RabbitMQ consumer channel'),(17750,'2022-07-18 10:47:44.772839','info','Starting RabbitMQ basic consume'),(17751,'2022-07-18 10:47:50.755533','info','XML80020_RabbitMQ_Consumer stopping...'),(17752,'2022-07-18 10:49:46.136457','info','XML80020_RabbitMQ_Consumer starting...'),(17753,'2022-07-18 11:00:45.703617','info','XML80020_RabbitMQ_Consumer starting...'),(17754,'2022-07-18 11:01:35.700633','info','XML80020_RabbitMQ_Consumer starting...'),(17755,'2022-07-18 11:18:24.523119','info','XML80020_RabbitMQ_Consumer starting...'),(17756,'2022-07-18 11:18:25.577699','info','RabbitMQ Client is trying to connect'),(17757,'2022-07-18 11:18:25.694583','info','RabbitMQ Client acquired a persistent connection to \'192.168.0.64\' and is subscribed to failure events'),(17758,'2022-07-18 11:18:25.695670','info','Creating RabbitMQ consumer channel'),(17759,'2022-07-18 11:18:25.728368','info','Starting RabbitMQ basic consume'),(17760,'2022-07-18 11:41:15.059488','info','XML80020_RabbitMQ_Consumer stopping...'),(17761,'2022-07-18 11:51:32.294657','info','XML80020_RabbitMQ_Consumer starting...'),(17762,'2022-07-18 11:51:33.405132','info','RabbitMQ Client is trying to connect'),(17763,'2022-07-18 11:51:33.604563','info','RabbitMQ Client acquired a persistent connection to \'192.168.0.64\' and is subscribed to failure events'),(17764,'2022-07-18 11:51:33.605824','info','Creating RabbitMQ consumer channel'),(17765,'2022-07-18 11:51:33.628040','info','Starting RabbitMQ basic consume'),(17766,'2022-07-18 12:02:38.073088','info','XML80020_RabbitMQ_Consumer stopping...'),(17767,'2022-07-18 14:04:27.690129','info','XML80020_RabbitMQ_Consumer starting...'),(17768,'2022-07-18 15:01:25.308894','info','XML80020_RabbitMQ_Consumer starting...'),(17769,'2022-07-18 15:01:26.551953','info','RabbitMQ Client is trying to connect'),(17770,'2022-07-18 15:01:26.632578','info','RabbitMQ Client acquired a persistent connection to \'192.168.0.64\' and is subscribed to failure events'),(17771,'2022-07-18 15:01:26.633736','info','Creating RabbitMQ consumer channel'),(17772,'2022-07-18 15:01:26.652922','info','Starting RabbitMQ basic consume'),(17773,'2022-07-18 15:07:58.011595','info','XML80020_RabbitMQ_Consumer stopping...'),(17774,'2022-07-18 16:03:07.152593','info','XML80020_RabbitMQ_Consumer starting...'),(17775,'2022-07-18 16:03:08.023515','info','RabbitMQ Client is trying to connect'),(17776,'2022-07-18 16:03:08.080554','info','RabbitMQ Client acquired a persistent connection to \'192.168.0.64\' and is subscribed to failure events'),(17777,'2022-07-18 16:03:08.081664','info','Creating RabbitMQ consumer channel'),(17778,'2022-07-18 16:03:08.099887','info','Starting RabbitMQ basic consume'),(17779,'2022-07-18 16:06:11.792005','info','Creating RabbitMQ publisher channel'),(17780,'2022-07-18 16:42:24.953017','info','XML80020_RabbitMQ_Consumer starting...'),(17781,'2022-07-18 16:46:15.592822','info','XML80020_RabbitMQ_Consumer starting...'),(17782,'2022-07-18 16:46:38.141714','info','XML80020_RabbitMQ_Consumer starting...'),(17783,'2022-07-18 16:48:21.542152','info','XML80020_RabbitMQ_Consumer starting...'),(17784,'2022-07-18 16:54:03.658478','info','XML80020_RabbitMQ_Consumer starting...'),(17785,'2022-07-18 16:54:12.381580','info','XML80020_RabbitMQ_Consumer starting...'),(17786,'2022-07-19 09:40:47.215597','info','XML80020_RabbitMQ_Consumer starting...'),(17787,'2022-07-19 09:40:47.916288','info','RabbitMQ Client is trying to connect'),(17788,'2022-07-19 09:40:47.977850','info','RabbitMQ Client acquired a persistent connection to \'192.168.0.64\' and is subscribed to failure events'),(17789,'2022-07-19 09:40:47.978950','info','Creating RabbitMQ consumer channel'),(17790,'2022-07-19 09:40:47.995417','info','Starting RabbitMQ basic consume'),(17791,'2022-07-19 09:43:17.080952','info','Creating RabbitMQ publisher channel'),(17792,'2022-07-19 10:07:36.995384','info','XML80020_RabbitMQ_Consumer stopping...'),(17793,'2022-07-19 11:50:46.450538','info','XML80020_RabbitMQ_Consumer starting...'),(17794,'2022-07-19 11:50:47.168318','info','RabbitMQ Client is trying to connect'),(17795,'2022-07-19 11:50:47.252690','info','RabbitMQ Client acquired a persistent connection to \'192.168.0.64\' and is subscribed to failure events'),(17796,'2022-07-19 11:50:47.253794','info','Creating RabbitMQ consumer channel'),(17797,'2022-07-19 11:50:47.269756','info','Starting RabbitMQ basic consume'),(17798,'2022-07-19 11:51:29.292663','info','Creating RabbitMQ publisher channel'),(17799,'2022-07-19 11:54:12.636801','info','XML80020_RabbitMQ_Consumer stopping...'),(17800,'2022-07-20 13:51:08.613870','info','XML80020_RabbitMQ_Consumer starting...'),(17801,'2022-07-20 13:51:09.636043','info','RabbitMQ Client is trying to connect'),(17802,'2022-07-20 13:51:09.727855','info','RabbitMQ Client acquired a persistent connection to \'192.168.0.64\' and is subscribed to failure events'),(17803,'2022-07-20 13:51:09.729147','info','Creating RabbitMQ consumer channel'),(17804,'2022-07-20 13:51:09.754242','info','Starting RabbitMQ basic consume'),(17805,'2022-07-20 13:52:43.303797','info','Creating RabbitMQ publisher channel'),(17806,'2022-07-20 14:46:16.976377','info','XML80020_RabbitMQ_Consumer starting...'),(17807,'2022-07-20 14:49:33.513088','info','XML80020_RabbitMQ_Consumer starting...'),(17808,'2022-07-20 14:49:58.675877','info','XML80020_RabbitMQ_Consumer starting...'),(17809,'2022-07-20 15:15:46.972545','info','XML80020_RabbitMQ_Consumer starting...'),(17810,'2022-07-20 15:15:55.100816','info','XML80020_RabbitMQ_Consumer starting...'),(17811,'2022-07-20 15:23:47.713347','info','XML80020_RabbitMQ_Consumer starting...'),(17812,'2022-07-20 15:23:57.573434','info','XML80020_RabbitMQ_Consumer starting...'),(17813,'2022-07-20 15:28:01.319448','info','XML80020_RabbitMQ_Consumer starting...'),(17814,'2022-07-20 15:29:27.056836','info','XML80020_RabbitMQ_Consumer starting...'),(17815,'2022-07-20 15:30:11.254885','info','XML80020_RabbitMQ_Consumer starting...'),(17816,'2022-07-20 15:30:52.419657','info','XML80020_RabbitMQ_Consumer starting...'),(17817,'2022-07-20 15:32:10.638612','info','XML80020_RabbitMQ_Consumer starting...'),(17818,'2022-07-20 15:32:53.629818','info','XML80020_RabbitMQ_Consumer starting...'),(17819,'2022-07-20 15:33:53.779850','info','XML80020_RabbitMQ_Consumer starting...'),(17820,'2022-07-20 15:33:55.048083','info','RabbitMQ Client is trying to connect'),(17821,'2022-07-20 15:33:55.247520','info','RabbitMQ Client acquired a persistent connection to \'192.168.0.64\' and is subscribed to failure events'),(17822,'2022-07-20 15:33:55.248856','info','Creating RabbitMQ consumer channel'),(17823,'2022-07-20 15:33:55.377253','info','Starting RabbitMQ basic consume'),(17824,'2022-07-20 16:00:42.325842','info','XML80020_RabbitMQ_Consumer stopping...'),(17825,'2022-07-21 07:52:33.744647','info','XML80020_RabbitMQ_Consumer starting...'),(17826,'2022-07-21 07:58:42.881079','info','XML80020_RabbitMQ_Consumer starting...'),(17827,'2022-07-21 08:07:09.401612','info','XML80020_RabbitMQ_Consumer starting...'),(17828,'2022-07-21 08:07:16.520200','info','XML80020_RabbitMQ_Consumer starting...'),(17829,'2022-07-21 08:43:26.846211','info','XML80020_RabbitMQ_Consumer starting...'),(17830,'2022-07-21 08:50:59.392155','info','XML80020_RabbitMQ_Consumer starting...'),(17831,'2022-07-21 09:08:49.687988','info','XML80020_RabbitMQ_Consumer starting...'),(17832,'2022-07-21 09:41:45.844307','info','XML80020_RabbitMQ_Consumer starting...'),(17833,'2022-07-21 09:47:57.114384','info','XML80020_RabbitMQ_Consumer starting...'),(17834,'2022-07-21 09:47:57.884687','info','RabbitMQ Client is trying to connect'),(17835,'2022-07-21 09:47:57.990033','info','RabbitMQ Client acquired a persistent connection to \'192.168.0.64\' and is subscribed to failure events'),(17836,'2022-07-21 09:47:57.991403','info','Creating RabbitMQ consumer channel'),(17837,'2022-07-21 09:47:58.010847','info','Starting RabbitMQ basic consume'),(17838,'2022-07-21 09:58:59.503908','info','XML80020_RabbitMQ_Consumer stopping...'),(17839,'2022-07-21 13:46:15.886544','info','XML80020_RabbitMQ_Consumer starting...'),(17840,'2022-07-21 14:16:10.162018','info','XML80020_RabbitMQ_Consumer starting...'),(17841,'2022-07-22 08:46:49.541496','info','XML80020_RabbitMQ_Consumer starting...'),(17842,'2022-07-22 09:00:49.756354','info','XML80020_RabbitMQ_Consumer starting...'),(17843,'2022-07-22 09:14:44.588194','info','XML80020_RabbitMQ_Consumer starting...'),(17844,'2022-07-22 09:20:40.620598','info','XML80020_RabbitMQ_Consumer starting...'),(17845,'2022-07-22 09:21:02.410216','info','XML80020_RabbitMQ_Consumer starting...'),(17846,'2022-07-22 09:21:36.806455','info','XML80020_RabbitMQ_Consumer starting...'),(17847,'2022-07-22 09:21:38.246508','info','RabbitMQ Client is trying to connect'),(17848,'2022-07-22 09:21:38.529428','info','RabbitMQ Client acquired a persistent connection to \'192.168.0.64\' and is subscribed to failure events'),(17849,'2022-07-22 09:21:38.535097','info','Creating RabbitMQ consumer channel'),(17850,'2022-07-22 09:21:38.704675','info','Starting RabbitMQ basic consume'),(17851,'2022-07-22 10:00:55.014743','info','XML80020_RabbitMQ_Consumer stopping...'),(17852,'2022-07-22 10:15:56.401226','info','XML80020_RabbitMQ_Consumer starting...'),(17853,'2022-07-22 10:15:57.604173','info','RabbitMQ Client is trying to connect'),(17854,'2022-07-22 10:15:57.707736','info','RabbitMQ Client acquired a persistent connection to \'192.168.0.64\' and is subscribed to failure events'),(17855,'2022-07-22 10:15:57.708758','info','Creating RabbitMQ consumer channel'),(17856,'2022-07-22 10:15:57.740126','info','Starting RabbitMQ basic consume'),(17857,'2022-07-22 10:30:13.630635','info','XML80020_RabbitMQ_Consumer stopping...'),(17858,'2022-07-22 10:31:00.331698','info','XML80020_RabbitMQ_Consumer starting...'),(17859,'2022-07-22 10:31:01.168238','info','RabbitMQ Client is trying to connect'),(17860,'2022-07-22 10:31:01.244898','info','RabbitMQ Client acquired a persistent connection to \'192.168.0.64\' and is subscribed to failure events'),(17861,'2022-07-22 10:31:01.245994','info','Creating RabbitMQ consumer channel'),(17862,'2022-07-22 10:31:01.264207','info','Starting RabbitMQ basic consume'),(17863,'2022-07-22 10:49:24.605261','info','XML80020_RabbitMQ_Consumer stopping...'),(17864,'2022-07-22 10:51:26.005336','info','XML80020_RabbitMQ_Consumer starting...'),(17865,'2022-07-22 10:54:23.132556','info','XML80020_RabbitMQ_Consumer starting...'),(17866,'2022-07-22 11:01:59.441640','info','XML80020_RabbitMQ_Consumer starting...'),(17867,'2022-07-22 11:31:39.562806','info','XML80020_RabbitMQ_Consumer starting...'),(17868,'2022-07-22 11:43:44.374096','info','XML80020_RabbitMQ_Consumer starting...'),(17869,'2022-07-22 11:43:45.622799','info','RabbitMQ Client is trying to connect'),(17870,'2022-07-22 11:43:45.741943','info','RabbitMQ Client acquired a persistent connection to \'192.168.0.64\' and is subscribed to failure events'),(17871,'2022-07-22 11:43:45.743168','info','Creating RabbitMQ consumer channel'),(17872,'2022-07-22 11:43:45.778351','info','Starting RabbitMQ basic consume'),(17873,'2022-07-22 11:55:02.888442','info','XML80020_RabbitMQ_Consumer stopping...'),(17874,'2022-07-22 14:00:24.138794','info','XML80020_RabbitMQ_Consumer starting...'),(17875,'2022-07-22 14:00:24.934533','info','RabbitMQ Client is trying to connect'),(17876,'2022-07-22 14:00:25.024691','info','RabbitMQ Client acquired a persistent connection to \'192.168.0.64\' and is subscribed to failure events'),(17877,'2022-07-22 14:00:25.026001','info','Creating RabbitMQ consumer channel'),(17878,'2022-07-22 14:00:25.042658','info','Starting RabbitMQ basic consume'),(17879,'2022-07-22 14:19:06.280029','info','XML80020_RabbitMQ_Consumer stopping...'),(17880,'2022-07-22 14:58:13.516485','info','XML80020_RabbitMQ_Consumer starting...'),(17881,'2022-07-22 15:17:54.541866','info','XML80020_RabbitMQ_Consumer starting...'),(17882,'2022-07-22 15:17:56.293425','info','RabbitMQ Client is trying to connect'),(17883,'2022-07-22 15:17:56.431387','info','RabbitMQ Client acquired a persistent connection to \'192.168.0.64\' and is subscribed to failure events'),(17884,'2022-07-22 15:17:56.432893','info','Creating RabbitMQ consumer channel'),(17885,'2022-07-22 15:17:56.458833','info','Starting RabbitMQ basic consume'),(17886,'2022-07-22 15:21:58.400080','info','XML80020_RabbitMQ_Consumer stopping...'),(17887,'2022-07-22 15:22:12.547319','info','XML80020_RabbitMQ_Consumer starting...'),(17888,'2022-07-22 15:22:13.680334','info','RabbitMQ Client is trying to connect'),(17889,'2022-07-22 15:22:13.802677','info','RabbitMQ Client acquired a persistent connection to \'192.168.0.64\' and is subscribed to failure events'),(17890,'2022-07-22 15:22:13.803846','info','Creating RabbitMQ consumer channel'),(17891,'2022-07-22 15:22:13.862530','info','Starting RabbitMQ basic consume'),(17892,'2022-07-22 16:51:38.287184','info','XML80020_RabbitMQ_Consumer stopping...'),(17893,'2022-07-25 07:58:14.651735','info','XML80020_RabbitMQ_Consumer starting...'),(17894,'2022-07-25 07:58:15.550116','info','RabbitMQ Client is trying to connect'),(17895,'2022-07-25 07:58:15.680820','info','RabbitMQ Client acquired a persistent connection to \'192.168.0.64\' and is subscribed to failure events'),(17896,'2022-07-25 07:58:15.682038','info','Creating RabbitMQ consumer channel'),(17897,'2022-07-25 07:58:15.702103','info','Starting RabbitMQ basic consume'),(17898,'2022-07-25 12:04:41.943320','info','XML80020_RabbitMQ_Consumer stopping...'),(17899,'2022-07-25 13:02:34.901341','info','XML80020_RabbitMQ_Consumer starting...'),(17900,'2022-07-25 14:52:51.659621','info','XML80020_RabbitMQ_Consumer starting...'),(17901,'2022-07-25 14:58:45.211774','info','XML80020_RabbitMQ_Consumer starting...'),(17902,'2022-07-25 14:59:37.243673','info','XML80020_RabbitMQ_Consumer starting...'),(17903,'2022-07-25 15:01:16.801234','info','XML80020_RabbitMQ_Consumer starting...'),(17904,'2022-07-25 15:02:09.596625','info','XML80020_RabbitMQ_Consumer starting...'),(17905,'2022-07-25 15:02:35.612231','info','XML80020_RabbitMQ_Consumer starting...'),(17906,'2022-07-26 08:05:46.455938','info','XML80020_RabbitMQ_Consumer starting...'),(17907,'2022-07-26 09:08:01.642649','info','XML80020_RabbitMQ_Consumer starting...'),(17908,'2022-07-26 09:29:29.513871','info','XML80020_RabbitMQ_Consumer starting...'),(17909,'2022-07-26 09:52:39.473062','info','XML80020_RabbitMQ_Consumer starting...'),(17910,'2022-07-26 09:52:41.030057','info','RabbitMQ Client is trying to connect'),(17911,'2022-07-26 09:52:41.282660','info','RabbitMQ Client acquired a persistent connection to \'192.168.0.64\' and is subscribed to failure events'),(17912,'2022-07-26 09:52:41.283698','info','Creating RabbitMQ consumer channel'),(17913,'2022-07-26 09:52:41.550019','info','Starting RabbitMQ basic consume'),(17914,'2022-07-26 09:55:56.934671','info','XML80020_RabbitMQ_Consumer stopping...'),(17915,'2022-07-26 09:56:12.801388','info','XML80020_RabbitMQ_Consumer starting...'),(17916,'2022-07-26 09:56:13.473070','info','RabbitMQ Client is trying to connect'),(17917,'2022-07-26 09:56:13.542178','info','RabbitMQ Client acquired a persistent connection to \'192.168.0.64\' and is subscribed to failure events'),(17918,'2022-07-26 09:56:13.543241','info','Creating RabbitMQ consumer channel'),(17919,'2022-07-26 09:56:13.561330','info','Starting RabbitMQ basic consume'),(17920,'2022-07-26 10:01:51.010124','info','XML80020_RabbitMQ_Consumer stopping...'),(17921,'2022-07-26 10:25:05.830578','info','XML80020_RabbitMQ_Consumer starting...'),(17922,'2022-07-26 10:51:34.560324','info','XML80020_RabbitMQ_Consumer starting...'),(17923,'2022-07-26 10:57:24.642308','info','XML80020_RabbitMQ_Consumer starting...'),(17924,'2022-07-26 15:28:21.146546','info','XML80020_RabbitMQ_Consumer starting...'),(17925,'2022-07-26 15:44:19.020484','info','XML80020_RabbitMQ_Consumer starting...'),(17926,'2022-07-26 15:46:25.061137','info','XML80020_RabbitMQ_Consumer starting...'),(17927,'2022-07-26 15:50:50.802253','info','XML80020_RabbitMQ_Consumer starting...'),(17928,'2022-07-26 15:52:13.625365','info','XML80020_RabbitMQ_Consumer starting...'),(17929,'2022-07-26 15:57:01.647353','info','XML80020_RabbitMQ_Consumer starting...'),(17930,'2022-07-26 16:02:50.013517','info','XML80020_RabbitMQ_Consumer starting...'),(17931,'2022-07-26 16:02:52.217512','info','RabbitMQ Client is trying to connect'),(17932,'2022-07-26 16:02:52.675126','error','None of the specified endpoints were reachable'),(17933,'2022-07-26 16:02:52.700380','error','FATAL ERROR: RabbitMQ connections could not be created and opened'),(17934,'2022-07-26 16:02:55.731121','info','RabbitMQ Client is trying to connect'),(17935,'2022-07-26 16:02:55.813041','info','RabbitMQ Client acquired a persistent connection to \'192.168.0.64\' and is subscribed to failure events'),(17936,'2022-07-26 16:02:55.813041','info','RabbitMQ Client acquired a persistent connection to \'192.168.0.64\' and is subscribed to failure events'),(17937,'2022-07-26 16:02:55.820922','info','Creating RabbitMQ consumer channel'),(17938,'2022-07-26 16:02:55.990732','info','Starting RabbitMQ basic consume'),(17939,'2022-07-26 16:22:30.258317','info','XML80020_RabbitMQ_Consumer starting...'),(17940,'2022-07-26 16:29:08.201632','info','XML80020_RabbitMQ_Consumer starting...'),(17941,'2022-07-26 16:36:26.594363','info','XML80020_RabbitMQ_Consumer starting...'),(17942,'2022-07-26 16:36:29.492144','info','RabbitMQ Client is trying to connect'),(17943,'2022-07-26 16:36:29.759352','info','RabbitMQ Client acquired a persistent connection to \'192.168.0.64\' and is subscribed to failure events'),(17944,'2022-07-26 16:36:29.789125','info','Creating RabbitMQ consumer channel'),(17945,'2022-07-26 16:36:29.886338','info','Starting RabbitMQ basic consume'),(17946,'2022-07-26 16:45:10.596705','info','XML80020_RabbitMQ_Consumer stopping...'),(17947,'2022-07-27 07:59:14.188113','info','XML80020_RabbitMQ_Consumer starting...'),(17948,'2022-07-27 08:39:05.488939','info','XML80020_RabbitMQ_Consumer starting...'),(17949,'2022-07-27 11:08:58.206600','info','XML80020_RabbitMQ_Consumer starting...'),(17950,'2022-07-27 11:20:04.983954','info','XML80020_RabbitMQ_Consumer starting...'),(17951,'2022-07-27 11:21:05.287645','info','XML80020_RabbitMQ_Consumer starting...'),(17952,'2022-07-27 11:24:54.312960','info','XML80020_RabbitMQ_Consumer starting...'),(17953,'2022-07-27 11:25:05.092875','info','XML80020_RabbitMQ_Consumer starting...'),(17954,'2022-07-27 11:33:16.642426','info','XML80020_RabbitMQ_Consumer starting...'),(17955,'2022-07-27 11:34:16.969577','info','XML80020_RabbitMQ_Consumer starting...'),(17956,'2022-07-27 11:35:07.161163','info','XML80020_RabbitMQ_Consumer starting...'),(17957,'2022-07-27 11:35:18.380915','info','XML80020_RabbitMQ_Consumer starting...'),(17958,'2022-07-27 11:36:08.380408','info','XML80020_RabbitMQ_Consumer starting...'),(17959,'2022-07-27 11:36:33.251944','info','XML80020_RabbitMQ_Consumer starting...'),(17960,'2022-07-27 11:36:43.275923','info','XML80020_RabbitMQ_Consumer starting...'),(17961,'2022-07-27 11:39:18.476224','info','XML80020_RabbitMQ_Consumer starting...'),(17962,'2022-07-27 11:39:51.808288','info','XML80020_RabbitMQ_Consumer starting...'),(17963,'2022-07-27 11:40:53.215414','info','XML80020_RabbitMQ_Consumer starting...'),(17964,'2022-07-27 11:42:28.260339','info','XML80020_RabbitMQ_Consumer starting...'),(17965,'2022-07-27 11:45:43.044822','info','XML80020_RabbitMQ_Consumer starting...'),(17966,'2022-07-27 11:45:54.311629','info','XML80020_RabbitMQ_Consumer starting...'),(17967,'2022-07-27 11:45:55.248622','info','RabbitMQ Client is trying to connect'),(17968,'2022-07-27 11:45:55.317920','info','RabbitMQ Client acquired a persistent connection to \'192.168.0.64\' and is subscribed to failure events'),(17969,'2022-07-27 11:45:55.319097','info','Creating RabbitMQ consumer channel'),(17970,'2022-07-27 11:45:55.340346','info','Starting RabbitMQ basic consume'),(17971,'2022-07-27 11:53:01.374732','info','XML80020_RabbitMQ_Consumer stopping...'),(17972,'2022-07-27 13:06:18.195216','info','XML80020_RabbitMQ_Consumer starting...'),(17973,'2022-07-27 13:32:24.351077','info','XML80020_RabbitMQ_Consumer starting...'),(17974,'2022-07-27 14:17:06.411042','info','XML80020_RabbitMQ_Consumer starting...'),(17975,'2022-07-27 14:17:07.079041','info','RabbitMQ Client is trying to connect'),(17976,'2022-07-27 14:17:07.156225','info','RabbitMQ Client acquired a persistent connection to \'192.168.0.64\' and is subscribed to failure events'),(17977,'2022-07-27 14:17:07.157428','info','Creating RabbitMQ consumer channel'),(17978,'2022-07-27 14:17:07.176104','info','Starting RabbitMQ basic consume'),(17979,'2022-07-27 15:06:49.462983','info','XML80020_RabbitMQ_Consumer stopping...'),(17980,'2022-07-27 15:23:40.664552','info','XML80020_RabbitMQ_Consumer starting...'),(17981,'2022-07-27 15:23:41.342846','info','RabbitMQ Client is trying to connect'),(17982,'2022-07-27 15:23:41.426070','info','RabbitMQ Client acquired a persistent connection to \'192.168.0.64\' and is subscribed to failure events'),(17983,'2022-07-27 15:23:41.427226','info','Creating RabbitMQ consumer channel'),(17984,'2022-07-27 15:23:41.461399','info','Starting RabbitMQ basic consume'),(17985,'2022-07-27 16:26:10.984052','info','XML80020_RabbitMQ_Consumer stopping...'),(17986,'2022-07-27 16:39:01.703081','info','XML80020_RabbitMQ_Consumer starting...'),(17987,'2022-07-27 16:39:02.405367','info','RabbitMQ Client is trying to connect'),(17988,'2022-07-27 16:39:02.512201','info','RabbitMQ Client acquired a persistent connection to \'192.168.0.64\' and is subscribed to failure events'),(17989,'2022-07-27 16:39:02.513390','info','Creating RabbitMQ consumer channel'),(17990,'2022-07-27 16:39:02.533031','info','Starting RabbitMQ basic consume'),(17991,'2022-07-27 16:50:21.335987','info','XML80020_RabbitMQ_Consumer stopping...'),(17992,'2022-07-28 07:54:57.818508','info','XML80020_RabbitMQ_Consumer starting...'),(17993,'2022-07-28 07:54:58.834852','info','RabbitMQ Client is trying to connect'),(17994,'2022-07-28 07:55:00.859761','error','None of the specified endpoints were reachable'),(17995,'2022-07-28 07:55:00.860593','error','FATAL ERROR: RabbitMQ connections could not be created and opened'),(17996,'2022-07-28 07:55:03.861564','info','RabbitMQ Client is trying to connect'),(17997,'2022-07-28 07:55:04.627702','error','None of the specified endpoints were reachable'),(17998,'2022-07-28 07:55:04.628353','error','FATAL ERROR: RabbitMQ connections could not be created and opened'),(17999,'2022-07-28 07:55:07.629712','info','RabbitMQ Client is trying to connect'),(18000,'2022-07-28 07:55:07.683938','error','None of the specified endpoints were reachable'),(18001,'2022-07-28 07:55:07.684642','error','FATAL ERROR: RabbitMQ connections could not be created and opened'),(18002,'2022-07-28 07:55:10.686040','info','RabbitMQ Client is trying to connect'),(18003,'2022-07-28 07:55:10.690346','error','None of the specified endpoints were reachable'),(18004,'2022-07-28 07:55:10.690986','error','FATAL ERROR: RabbitMQ connections could not be created and opened'),(18005,'2022-07-28 07:55:13.691838','info','RabbitMQ Client is trying to connect'),(18006,'2022-07-28 07:55:13.723272','info','RabbitMQ Client acquired a persistent connection to \'192.168.0.64\' and is subscribed to failure events'),(18007,'2022-07-28 07:55:13.724086','info','Creating RabbitMQ consumer channel'),(18008,'2022-07-28 07:55:13.743427','info','Starting RabbitMQ basic consume'),(18009,'2022-07-28 07:55:13.965029','info','XML80020_RabbitMQ_Consumer stopping...'),(18010,'2022-07-28 07:55:17.635816','info','XML80020_RabbitMQ_Consumer starting...'),(18011,'2022-07-28 07:55:18.351695','info','RabbitMQ Client is trying to connect'),(18012,'2022-07-28 07:55:18.418707','info','RabbitMQ Client acquired a persistent connection to \'192.168.0.64\' and is subscribed to failure events'),(18013,'2022-07-28 07:55:18.419867','info','Creating RabbitMQ consumer channel'),(18014,'2022-07-28 07:55:18.435165','info','Starting RabbitMQ basic consume'),(18015,'2022-07-28 08:00:07.636939','info','XML80020_RabbitMQ_Consumer stopping...'),(18016,'2022-07-28 09:27:47.486307','info','XML80020_RabbitMQ_Consumer starting...'),(18017,'2022-07-28 09:27:48.191561','info','RabbitMQ Client is trying to connect'),(18018,'2022-07-28 09:27:48.263395','info','RabbitMQ Client acquired a persistent connection to \'192.168.0.64\' and is subscribed to failure events'),(18019,'2022-07-28 09:27:48.264608','info','Creating RabbitMQ consumer channel'),(18020,'2022-07-28 09:27:48.280996','info','Starting RabbitMQ basic consume'),(18021,'2022-07-28 09:29:37.194127','info','XML80020_RabbitMQ_Consumer stopping...');
/*!40000 ALTER TABLE `RabbitMQLogs` ENABLE KEYS */;
UNLOCK TABLES;

--
-- Table structure for table `SessionInfo`
--

DROP TABLE IF EXISTS `SessionInfo`;
/*!40101 SET @saved_cs_client     = @@character_set_client */;
/*!50503 SET character_set_client = utf8mb4 */;
CREATE TABLE `SessionInfo` (
  `UserId` int NOT NULL,
  `SessionToken` varchar(500) NOT NULL,
  `DeviceId` varchar(50) NOT NULL,
  `AuthTime` datetime(6) NOT NULL,
  PRIMARY KEY (`UserId`,`SessionToken`(255),`DeviceId`)
) ENGINE=InnoDB DEFAULT CHARSET=utf8mb4 COLLATE=utf8mb4_0900_ai_ci;
/*!40101 SET character_set_client = @saved_cs_client */;

--
-- Dumping data for table `SessionInfo`
--

LOCK TABLES `SessionInfo` WRITE;
/*!40000 ALTER TABLE `SessionInfo` DISABLE KEYS */;
INSERT INTO `SessionInfo` VALUES (6,'eyJhbGciOiJIUzI1NiIsInR5cCI6IkpXVCJ9.eyJodHRwOi8vc2NoZW1hcy54bWxzb2FwLm9yZy93cy8yMDA1LzA1L2lkZW50aXR5L2NsYWltcy9uYW1lIjoicm9ib3QiLCJleHAiOjE2NTkwMDA0NzYsImlzcyI6ImNsb3VkTGFiIiwiYXVkIjoiY2xvdWRMYWJBdWRpZW5jZSJ9.Rj1lp-w9u5ovXsisFh4hdGcJvc0U6sIvfx9g-kVhcgQ','192.168.0.64','2022-07-28 09:27:56.460765'),(6,'eyJhbGciOiJIUzI1NiIsInR5cCI6IkpXVCJ9.eyJodHRwOi8vc2NoZW1hcy54bWxzb2FwLm9yZy93cy8yMDA1LzA1L2lkZW50aXR5L2NsYWltcy9uYW1lIjoicm9ib3QiLCJleHAiOjE2NTY5MjkwMzMsImlzcyI6ImNsb3VkTGFiIiwiYXVkIjoiY2xvdWRMYWJBdWRpZW5jZSJ9.yNjiAWEPcn9gVUGEndjR3CE3ZS6x8wFL9u0w2u9f2n4','192.168.0.64','2022-07-04 08:03:54.256543');
/*!40000 ALTER TABLE `SessionInfo` ENABLE KEYS */;
UNLOCK TABLES;

--
-- Table structure for table `UsersAuth`
--

DROP TABLE IF EXISTS `UsersAuth`;
/*!40101 SET @saved_cs_client     = @@character_set_client */;
/*!50503 SET character_set_client = utf8mb4 */;
CREATE TABLE `UsersAuth` (
  `UserID` int NOT NULL AUTO_INCREMENT,
  `UserName` varchar(500) NOT NULL,
  `UserPwd` varchar(200) NOT NULL,
  `Salt` varchar(500) NOT NULL DEFAULT '',
  PRIMARY KEY (`UserID`,`UserName`(255))
) ENGINE=InnoDB AUTO_INCREMENT=7 DEFAULT CHARSET=utf8mb4 COLLATE=utf8mb4_0900_ai_ci;
/*!40101 SET character_set_client = @saved_cs_client */;

--
-- Dumping data for table `UsersAuth`
--

LOCK TABLES `UsersAuth` WRITE;
/*!40000 ALTER TABLE `UsersAuth` DISABLE KEYS */;
INSERT INTO `UsersAuth` VALUES (6,'robot','miYg6P9BrNF4X5+xdclrmJC6GlxoxjQkQku2G4wIRyg=','+??86[/-7???');
/*!40000 ALTER TABLE `UsersAuth` ENABLE KEYS */;
UNLOCK TABLES;

--
-- Table structure for table `communic_interfaces`
--

DROP TABLE IF EXISTS `communic_interfaces`;
/*!40101 SET @saved_cs_client     = @@character_set_client */;
/*!50503 SET character_set_client = utf8mb4 */;
CREATE TABLE `communic_interfaces` (
  `id` int NOT NULL AUTO_INCREMENT,
  `name` varchar(200) NOT NULL,
  PRIMARY KEY (`id`)
) ENGINE=InnoDB AUTO_INCREMENT=3 DEFAULT CHARSET=utf8mb4 COLLATE=utf8mb4_0900_ai_ci;
/*!40101 SET character_set_client = @saved_cs_client */;

--
-- Dumping data for table `communic_interfaces`
--

LOCK TABLES `communic_interfaces` WRITE;
/*!40000 ALTER TABLE `communic_interfaces` DISABLE KEYS */;
INSERT INTO `communic_interfaces` VALUES (1,'GSM'),(2,'GSM-');
/*!40000 ALTER TABLE `communic_interfaces` ENABLE KEYS */;
UNLOCK TABLES;

--
-- Table structure for table `communic_points`
--

DROP TABLE IF EXISTS `communic_points`;
/*!40101 SET @saved_cs_client     = @@character_set_client */;
/*!50503 SET character_set_client = utf8mb4 */;
CREATE TABLE `communic_points` (
  `id` int NOT NULL AUTO_INCREMENT,
  `name` varchar(50) NOT NULL,
  `port` varchar(10) NOT NULL,
  `description` varchar(100) NOT NULL,
  PRIMARY KEY (`id`,`name`)
) ENGINE=InnoDB AUTO_INCREMENT=16 DEFAULT CHARSET=utf8mb4 COLLATE=utf8mb4_0900_ai_ci;
/*!40101 SET character_set_client = @saved_cs_client */;

--
-- Dumping data for table `communic_points`
--

LOCK TABLES `communic_points` WRITE;
/*!40000 ALTER TABLE `communic_points` DISABLE KEYS */;
INSERT INTO `communic_points` VALUES (1,'ws-oit-007','COM3','test'),(2,'robot24.space','COM3','test2'),(14,'Bee','Com1','...'),(15,'Space','Com10','Rocket');
/*!40000 ALTER TABLE `communic_points` ENABLE KEYS */;
UNLOCK TABLES;

--
-- Table structure for table `failed_indications_tasks`
--

DROP TABLE IF EXISTS `failed_indications_tasks`;
/*!40101 SET @saved_cs_client     = @@character_set_client */;
/*!50503 SET character_set_client = utf8mb4 */;
CREATE TABLE `failed_indications_tasks` (
  `id` int NOT NULL AUTO_INCREMENT,
  `shedule_id` int NOT NULL,
  `meter_id` int NOT NULL,
  `last_datetime` datetime NOT NULL,
  PRIMARY KEY (`id`)
) ENGINE=InnoDB AUTO_INCREMENT=7 DEFAULT CHARSET=utf8mb4 COLLATE=utf8mb4_0900_ai_ci;
/*!40101 SET character_set_client = @saved_cs_client */;

--
-- Dumping data for table `failed_indications_tasks`
--

LOCK TABLES `failed_indications_tasks` WRITE;
/*!40000 ALTER TABLE `failed_indications_tasks` DISABLE KEYS */;
INSERT INTO `failed_indications_tasks` VALUES (1,69,8,'2022-07-21 00:00:00'),(2,69,9,'2022-07-21 00:00:00'),(3,69,10,'2022-07-21 00:00:00'),(4,69,15,'2022-07-21 00:00:00'),(5,70,11,'2022-07-21 00:00:00'),(6,70,12,'2022-07-21 00:00:00');
/*!40000 ALTER TABLE `failed_indications_tasks` ENABLE KEYS */;
UNLOCK TABLES;

--
-- Table structure for table `meter`
--

DROP TABLE IF EXISTS `meter`;
/*!40101 SET @saved_cs_client     = @@character_set_client */;
/*!50503 SET character_set_client = utf8mb4 */;
CREATE TABLE `meter` (
  `id_meter` int NOT NULL AUTO_INCREMENT,
  `type` varchar(500) CHARACTER SET utf8mb4 COLLATE utf8mb4_0900_ai_ci DEFAULT NULL,
  `address` int NOT NULL,
  `SIM` varchar(500) CHARACTER SET utf8mb4 COLLATE utf8mb4_0900_ai_ci NOT NULL,
  `INN` varchar(500) CHARACTER SET utf8mb4 COLLATE utf8mb4_0900_ai_ci DEFAULT NULL,
  `CompanyName` varchar(500) CHARACTER SET utf8mb4 COLLATE utf8mb4_0900_ai_ci DEFAULT NULL,
  `INNcenter` varchar(500) CHARACTER SET utf8mb4 COLLATE utf8mb4_0900_ai_ci DEFAULT NULL,
  `CenterName` varchar(500) CHARACTER SET utf8mb4 COLLATE utf8mb4_0900_ai_ci DEFAULT NULL,
  `MeasuringpointName` varchar(500) CHARACTER SET utf8mb4 COLLATE utf8mb4_0900_ai_ci DEFAULT NULL,
  `MeasuringchannelA` varchar(500) CHARACTER SET utf8mb4 COLLATE utf8mb4_0900_ai_ci DEFAULT NULL,
  `MeasuringchannelR` varchar(500) CHARACTER SET utf8mb4 COLLATE utf8mb4_0900_ai_ci DEFAULT NULL,
  `XML80020code` varchar(500) CHARACTER SET utf8mb4 COLLATE utf8mb4_0900_ai_ci DEFAULT NULL,
  `Transformation_ratio` varchar(500) CHARACTER SET utf8mb4 COLLATE utf8mb4_0900_ai_ci DEFAULT NULL,
  `Interface` varchar(500) CHARACTER SET utf8mb4 COLLATE utf8mb4_0900_ai_ci DEFAULT NULL,
  PRIMARY KEY (`id_meter`)
) ENGINE=InnoDB AUTO_INCREMENT=21 DEFAULT CHARSET=utf8mb4 COLLATE=utf8mb4_0900_ai_ci;
/*!40101 SET character_set_client = @saved_cs_client */;

--
-- Dumping data for table `meter`
--

LOCK TABLES `meter` WRITE;
/*!40000 ALTER TABLE `meter` DISABLE KEYS */;
INSERT INTO `meter` VALUES (8,' 230',8,'89196910238','1623000219','   ','1657055576','   ','  4    4',' 4 (+)    4',' 4 (R+)    4','040055560001104','200','GSM'),(9,' 230',11,'89196910238','1623000219','   ','1657055576','   ','  1    1',' 1 (+)    1',' 1 (R+)    1','040055560001101','200','GSM'),(10,' 230',19,'89196910238','1623000219','   ','1657055576','   ','  3    3',' 3 (+)    3',' 3 (R+)    3','040055560001103','200','GSM'),(11,' 234',18,'89196902971','1623013176','','1657055576','   ','  1    1',' 1 (+)    1',' 1 (R+)    1','045501570004101','6000','GSM'),(12,' 234',86,'89196902971','1623013176','','1657055576','   ','  2    2',' 2 (+)    2',' 2 (R+)    2','045501570004102','6000','GSM'),(15,' 230',99,'89196910227','1623000219','   ','1657055576','   ','  5    5',' 5 (+)    5',' 5 (R+)    5','040055560003101','200','GSM-');
/*!40000 ALTER TABLE `meter` ENABLE KEYS */;
UNLOCK TABLES;

--
-- Table structure for table `meters_types`
--

DROP TABLE IF EXISTS `meters_types`;
/*!40101 SET @saved_cs_client     = @@character_set_client */;
/*!50503 SET character_set_client = utf8mb4 */;
CREATE TABLE `meters_types` (
  `id` int NOT NULL AUTO_INCREMENT,
  `name` varchar(100) NOT NULL,
  `type` varchar(100) NOT NULL,
  PRIMARY KEY (`id`)
) ENGINE=InnoDB AUTO_INCREMENT=3 DEFAULT CHARSET=utf8mb4 COLLATE=utf8mb4_0900_ai_ci;
/*!40101 SET character_set_client = @saved_cs_client */;

--
-- Dumping data for table `meters_types`
--

LOCK TABLES `meters_types` WRITE;
/*!40000 ALTER TABLE `meters_types` DISABLE KEYS */;
INSERT INTO `meters_types` VALUES (1,'','230'),(2,'','234');
/*!40000 ALTER TABLE `meters_types` ENABLE KEYS */;
UNLOCK TABLES;

--
-- Table structure for table `msg_number`
--

DROP TABLE IF EXISTS `msg_number`;
/*!40101 SET @saved_cs_client     = @@character_set_client */;
/*!50503 SET character_set_client = utf8mb4 */;
CREATE TABLE `msg_number` (
  `CompanyINN` varchar(50) NOT NULL,
  `CompanyName` varchar(500) CHARACTER SET utf8mb4 COLLATE utf8mb4_0900_ai_ci DEFAULT NULL,
  `Contract` varchar(500) CHARACTER SET utf8mb4 COLLATE utf8mb4_0900_ai_ci DEFAULT NULL,
  `MsgNumber` varchar(500) CHARACTER SET utf8mb4 COLLATE utf8mb4_0900_ai_ci DEFAULT NULL,
  `Date` varchar(500) CHARACTER SET utf8mb4 COLLATE utf8mb4_0900_ai_ci DEFAULT NULL,
  PRIMARY KEY (`CompanyINN`)
) ENGINE=InnoDB DEFAULT CHARSET=utf8mb4 COLLATE=utf8mb4_0900_ai_ci;
/*!40101 SET character_set_client = @saved_cs_client */;

--
-- Dumping data for table `msg_number`
--

LOCK TABLES `msg_number` WRITE;
/*!40000 ALTER TABLE `msg_number` DISABLE KEYS */;
INSERT INTO `msg_number` VALUES ('1623000219','   ','1231','3009','01.10.20'),('1623013176','','550157','1','01.10.20');
/*!40000 ALTER TABLE `msg_number` ENABLE KEYS */;
UNLOCK TABLES;

--
-- Table structure for table `power_profile_m`
--

DROP TABLE IF EXISTS `power_profile_m`;
/*!40101 SET @saved_cs_client     = @@character_set_client */;
/*!50503 SET character_set_client = utf8mb4 */;
CREATE TABLE `power_profile_m` (
  `rowNumber` int NOT NULL AUTO_INCREMENT,
  `id` int NOT NULL,
  `address` int NOT NULL,
  `date` date NOT NULL,
  `time` time(6) NOT NULL,
  `Pplus` double DEFAULT NULL,
  `Pminus` double DEFAULT NULL,
  `Qplus` double DEFAULT NULL,
  `Qminus` double DEFAULT NULL,
  PRIMARY KEY (`rowNumber`,`id`)
) ENGINE=InnoDB AUTO_INCREMENT=156197 DEFAULT CHARSET=utf8mb4 COLLATE=utf8mb4_0900_ai_ci;
/*!40101 SET character_set_client = @saved_cs_client */;

--
-- Dumping data for table `power_profile_m`
--

LOCK TABLES `power_profile_m` WRITE;
/*!40000 ALTER TABLE `power_profile_m` DISABLE KEYS */;
INSERT INTO `power_profile_m` VALUES (155993,0,8,'2022-05-31','11:30:00.000000',1.2050000429153442,0,0.22599999606609344,0),(155994,0,8,'2022-05-31','12:00:00.000000',1.312000036239624,0,0.21400000154972076,0),(155995,0,8,'2022-05-31','12:30:00.000000',1.2359999418258667,0,0.2070000022649765,0),(155996,0,8,'2022-05-31','13:00:00.000000',1.2430000305175781,0,0.2029999941587448,0),(155997,0,8,'2022-05-31','13:30:00.000000',1.156999945640564,0,0.20499999821186066,0),(155998,0,8,'2022-05-31','14:00:00.000000',1.2710000276565552,0,0.20999999344348907,0),(155999,0,8,'2022-05-31','14:30:00.000000',1.2510000467300415,0,0.19599999487400055,0),(156000,0,8,'2022-05-31','15:00:00.000000',1.1749999523162842,0,0.20800000429153442,0),(156001,0,8,'2022-05-31','15:30:00.000000',1.1720000505447388,0,0.21400000154972076,0),(156002,0,8,'2022-05-31','16:00:00.000000',1.1699999570846558,0,0.21299999952316284,0),(156003,0,8,'2022-05-31','16:30:00.000000',1.1970000267028809,0,0.19699999690055847,0),(156004,0,8,'2022-05-31','17:00:00.000000',1.184000015258789,0,0.19499999284744263,0),(156005,0,8,'2022-05-31','17:30:00.000000',1.1649999618530273,0,0.1940000057220459,0),(156006,0,8,'2022-05-31','18:00:00.000000',1.128999948501587,0,0.17900000512599945,0),(156007,0,8,'2022-05-31','18:30:00.000000',1.1799999475479126,0,0.1860000044107437,0),(156008,0,8,'2022-05-31','19:00:00.000000',1.1239999532699585,0,0.18700000643730164,0),(156009,0,8,'2022-05-31','19:30:00.000000',1.1160000562667847,0,0.19900000095367432,0),(156010,0,8,'2022-05-31','20:00:00.000000',1.0429999828338623,0,0.19200000166893005,0),(156011,0,8,'2022-05-31','20:30:00.000000',1.2000000476837158,0,0.20499999821186066,0),(156012,0,8,'2022-05-31','21:00:00.000000',1.128000020980835,0,0.20000000298023224,0),(156013,0,8,'2022-05-31','21:30:00.000000',1.187999963760376,0,0.19300000369548798,0),(156014,0,8,'2022-05-31','22:00:00.000000',1.1109999418258667,0,0.1940000057220459,0),(156015,0,8,'2022-05-31','22:30:00.000000',1.1430000066757202,0,0.19099999964237213,0),(156016,0,8,'2022-05-31','23:00:00.000000',1.1339999437332153,0,0.1850000023841858,0),(156017,0,8,'2022-05-31','23:30:00.000000',1.1160000562667847,0,0.1889999955892563,0),(156018,0,8,'2022-06-01','00:00:00.000000',1.034000039100647,0,0.19200000166893005,0),(156019,0,8,'2022-06-01','00:30:00.000000',0.8700000047683716,0,0.2070000022649765,0),(156020,0,8,'2022-06-01','01:00:00.000000',0.8460000157356262,0,0.20499999821186066,0),(156021,0,8,'2022-06-01','01:30:00.000000',0.8220000267028809,0,0.1940000057220459,0),(156022,0,8,'2022-06-01','02:00:00.000000',0.7799999713897705,0,0.17800000309944153,0),(156023,0,8,'2022-06-01','02:30:00.000000',0.7580000162124634,0,0.18199999630451202,0),(156024,0,8,'2022-06-01','03:00:00.000000',0.7910000085830688,0,0.16899999976158142,0),(156025,0,8,'2022-06-01','03:30:00.000000',0.7770000100135803,0,0.16899999976158142,0),(156026,0,8,'2022-06-01','04:00:00.000000',0.7730000019073486,0,0.17000000178813934,0),(156027,0,11,'2022-05-31','11:00:00.000000',1.1369999647140503,0,0.4819999933242798,0),(156028,0,11,'2022-05-31','11:30:00.000000',1.1069999933242798,0,0.4580000042915344,0),(156029,0,11,'2022-05-31','12:00:00.000000',1.3140000104904175,0,0.5109999775886536,0),(156030,0,11,'2022-05-31','12:30:00.000000',1.274999976158142,0,0.5019999742507935,0),(156031,0,11,'2022-05-31','13:00:00.000000',1.2519999742507935,0,0.5260000228881836,0),(156032,0,11,'2022-05-31','13:30:00.000000',1.2699999809265137,0,0.5080000162124634,0),(156033,0,11,'2022-05-31','14:00:00.000000',1.2510000467300415,0,0.4830000102519989,0),(156034,0,11,'2022-05-31','14:30:00.000000',1.2009999752044678,0,0.47600001096725464,0),(156035,0,11,'2022-05-31','15:00:00.000000',1.1469999551773071,0,0.4740000069141388,0),(156036,0,11,'2022-05-31','15:30:00.000000',0.9929999709129333,0,0.41999998688697815,0),(156037,0,11,'2022-05-31','16:00:00.000000',1.156000018119812,0,0.4580000042915344,0),(156038,0,11,'2022-05-31','16:30:00.000000',1.2200000286102295,0,0.4729999899864197,0),(156039,0,11,'2022-05-31','17:00:00.000000',1.1440000534057617,0,0.4650000035762787,0),(156040,0,11,'2022-05-31','17:30:00.000000',1.2890000343322754,0,0.4950000047683716,0),(156041,0,11,'2022-05-31','18:00:00.000000',1.1540000438690186,0,0.47999998927116394,0),(156042,0,11,'2022-05-31','18:30:00.000000',1.1469999551773071,0,0.45100000500679016,0),(156043,0,11,'2022-05-31','19:00:00.000000',1.055999994277954,0,0.45100000500679016,0),(156044,0,11,'2022-05-31','19:30:00.000000',1.125,0,0.4690000116825104,0),(156045,0,11,'2022-05-31','20:00:00.000000',1.0820000171661377,0,0.45899999141693115,0),(156046,0,11,'2022-05-31','20:30:00.000000',1.1970000267028809,0,0.4690000116825104,0),(156047,0,11,'2022-05-31','21:00:00.000000',1.1890000104904175,0,0.4490000009536743,0),(156048,0,11,'2022-05-31','21:30:00.000000',1.0800000429153442,0,0.4620000123977661,0),(156049,0,11,'2022-05-31','22:00:00.000000',1.1109999418258667,0,0.4749999940395355,0),(156050,0,11,'2022-05-31','22:30:00.000000',1.0800000429153442,0,0.41999998688697815,0),(156051,0,11,'2022-05-31','23:00:00.000000',1.031000018119812,0,0.36800000071525574,0),(156052,0,11,'2022-05-31','23:30:00.000000',0.9240000247955322,0,0.3160000145435333,0),(156053,0,11,'2022-06-01','00:00:00.000000',0.8389999866485596,0,0.382999986410141,0),(156054,0,11,'2022-06-01','00:30:00.000000',0.9440000057220459,0,0.3569999933242798,0),(156055,0,11,'2022-06-01','01:00:00.000000',1.0460000038146973,0,0.41600000858306885,0),(156056,0,11,'2022-06-01','01:30:00.000000',1.0670000314712524,0,0.44200000166893005,0),(156057,0,11,'2022-06-01','02:00:00.000000',1.0820000171661377,0,0.48500001430511475,0),(156058,0,11,'2022-06-01','02:30:00.000000',1.0240000486373901,0,0.4449999928474426,0),(156059,0,11,'2022-06-01','03:00:00.000000',1.0219999551773071,0,0.4320000112056732,0),(156060,0,11,'2022-06-01','03:30:00.000000',0.972000002861023,0,0.4050000011920929,0),(156061,0,19,'2022-05-31','11:30:00.000000',1.8890000581741333,0,0.2669999897480011,0),(156062,0,19,'2022-05-31','12:00:00.000000',2.0989999771118164,0,0.2630000114440918,0),(156063,0,19,'2022-05-31','12:30:00.000000',1.9859999418258667,0,0.25699999928474426,0),(156064,0,19,'2022-05-31','13:00:00.000000',2.009000062942505,0,0.25600001215934753,0),(156065,0,19,'2022-05-31','13:30:00.000000',1.840999960899353,0,0.24699999392032623,0),(156066,0,19,'2022-05-31','14:00:00.000000',2.0360000133514404,0,0.25600001215934753,0),(156067,0,19,'2022-05-31','14:30:00.000000',1.9980000257492065,0,0.24500000476837158,0),(156068,0,19,'2022-05-31','15:00:00.000000',1.8949999809265137,0,0.24699999392032623,0),(156069,0,19,'2022-05-31','15:30:00.000000',1.8639999628067017,0,0.25200000405311584,0),(156070,0,19,'2022-05-31','16:00:00.000000',1.878000020980835,0,0.2540000081062317,0),(156071,0,19,'2022-05-31','16:30:00.000000',1.909000039100647,0,0.2370000034570694,0),(156072,0,19,'2022-05-31','17:00:00.000000',1.8990000486373901,0,0.2290000021457672,0),(156073,0,19,'2022-05-31','17:30:00.000000',1.8660000562667847,0,0.2280000001192093,0),(156074,0,19,'2022-05-31','18:00:00.000000',1.805999994277954,0,0.20900000631809235,0),(156075,0,19,'2022-05-31','18:30:00.000000',1.8760000467300415,0,0.2160000056028366,0),(156076,0,19,'2022-05-31','19:00:00.000000',1.805999994277954,0,0.21799999475479126,0),(156077,0,19,'2022-05-31','19:30:00.000000',1.7760000228881836,0,0.22100000083446503,0),(156078,0,19,'2022-05-31','20:00:00.000000',1.6629999876022339,0,0.2150000035762787,0),(156079,0,19,'2022-05-31','20:30:00.000000',1.909999966621399,0,0.23800000548362732,0),(156080,0,19,'2022-05-31','21:00:00.000000',1.7979999780654907,0,0.2280000001192093,0),(156081,0,19,'2022-05-31','21:30:00.000000',1.8819999694824219,0,0.2199999988079071,0),(156082,0,19,'2022-05-31','22:00:00.000000',1.7890000343322754,0,0.21799999475479126,0),(156083,0,19,'2022-05-31','22:30:00.000000',1.8029999732971191,0,0.20200000703334808,0),(156084,0,19,'2022-05-31','23:00:00.000000',1.8079999685287476,0,0.1979999989271164,0),(156085,0,19,'2022-05-31','23:30:00.000000',1.7799999713897705,0,0.1889999955892563,0),(156086,0,19,'2022-06-01','00:00:00.000000',1.6610000133514404,0,0.19200000166893005,0),(156087,0,19,'2022-06-01','00:30:00.000000',1.3639999628067017,0,0.20499999821186066,0),(156088,0,19,'2022-06-01','01:00:00.000000',1.3380000591278076,0,0.2029999941587448,0),(156089,0,19,'2022-06-01','01:30:00.000000',1.2999999523162842,0,0.19200000166893005,0),(156090,0,19,'2022-06-01','02:00:00.000000',1.2549999952316284,0,0.1720000058412552,0),(156091,0,19,'2022-06-01','02:30:00.000000',1.190000057220459,0,0.17000000178813934,0),(156092,0,19,'2022-06-01','03:00:00.000000',1.2589999437332153,0,0.15299999713897705,0),(156093,0,19,'2022-06-01','03:30:00.000000',1.2339999675750732,0,0.14900000393390656,0),(156094,0,19,'2022-06-01','04:00:00.000000',1.2359999418258667,0,0.1509999930858612,0),(156095,0,18,'2022-05-31','11:30:00.000000',0,0,0.00019999999494757503,0),(156096,0,18,'2022-05-31','12:00:00.000000',0,0,0.00019999999494757503,0.00019999999494757503),(156097,0,18,'2022-05-31','12:30:00.000000',0.00019999999494757503,0,0.00039999998989515007,0),(156098,0,18,'2022-05-31','13:00:00.000000',0,0,0.00019999999494757503,0.00019999999494757503),(156099,0,18,'2022-05-31','13:30:00.000000',0,0,0.00039999998989515007,0),(156100,0,18,'2022-05-31','14:00:00.000000',0,0,0.00019999999494757503,0.00019999999494757503),(156101,0,18,'2022-05-31','14:30:00.000000',0,0,0.00019999999494757503,0),(156102,0,18,'2022-05-31','15:00:00.000000',0,0,0.00039999998989515007,0.00019999999494757503),(156103,0,18,'2022-05-31','15:30:00.000000',0,0,0.00019999999494757503,0.00019999999494757503),(156104,0,18,'2022-05-31','16:00:00.000000',0,0,0.00019999999494757503,0),(156105,0,18,'2022-05-31','16:30:00.000000',0,0,0.00039999998989515007,0.00019999999494757503),(156106,0,18,'2022-05-31','17:00:00.000000',0,0,0.00019999999494757503,0),(156107,0,18,'2022-05-31','17:30:00.000000',0,0,0.00039999998989515007,0),(156108,0,18,'2022-05-31','18:00:00.000000',0,0,0.00019999999494757503,0.00019999999494757503),(156109,0,18,'2022-05-31','18:30:00.000000',0,0,0.00039999998989515007,0),(156110,0,18,'2022-05-31','19:00:00.000000',0,0,0.00019999999494757503,0.00019999999494757503),(156111,0,18,'2022-05-31','19:30:00.000000',0.00019999999494757503,0,0.00039999998989515007,0),(156112,0,18,'2022-05-31','20:00:00.000000',0,0,0.00019999999494757503,0.00019999999494757503),(156113,0,18,'2022-05-31','20:30:00.000000',0,0,0.00039999998989515007,0),(156114,0,18,'2022-05-31','21:00:00.000000',0,0,0.00019999999494757503,0.00019999999494757503),(156115,0,18,'2022-05-31','21:30:00.000000',0,0,0.00039999998989515007,0),(156116,0,18,'2022-05-31','22:00:00.000000',0,0,0.00019999999494757503,0.00019999999494757503),(156117,0,18,'2022-05-31','22:30:00.000000',0,0,0.00039999998989515007,0.00019999999494757503),(156118,0,18,'2022-05-31','23:00:00.000000',0,0,0.00019999999494757503,0),(156119,0,18,'2022-05-31','23:30:00.000000',0,0,0.00039999998989515007,0.00019999999494757503),(156120,0,18,'2022-06-01','00:00:00.000000',0,0,0.00019999999494757503,0),(156121,0,18,'2022-06-01','00:30:00.000000',0,0,0.00039999998989515007,0.00019999999494757503),(156122,0,18,'2022-06-01','01:00:00.000000',0,0,0.00019999999494757503,0.00019999999494757503),(156123,0,18,'2022-06-01','01:30:00.000000',0,0,0.00039999998989515007,0),(156124,0,18,'2022-06-01','02:00:00.000000',0,0,0.00019999999494757503,0.00019999999494757503),(156125,0,18,'2022-06-01','02:30:00.000000',0.00019999999494757503,0,0.00039999998989515007,0),(156126,0,18,'2022-06-01','03:00:00.000000',0,0,0.00019999999494757503,0.00019999999494757503),(156127,0,18,'2022-06-01','03:30:00.000000',0,0,0.00039999998989515007,0.00019999999494757503),(156128,0,18,'2022-06-01','04:00:00.000000',0,0,0.00019999999494757503,0),(156129,0,86,'2022-05-31','11:00:00.000000',0.05079999938607216,0,0.03180000185966492,0),(156130,0,86,'2022-05-31','11:30:00.000000',0.05559999868273735,0,0.03840000182390213,0),(156131,0,86,'2022-05-31','12:00:00.000000',0.0430000014603138,0,0.03539999946951866,0),(156132,0,86,'2022-05-31','12:30:00.000000',0.0272000003606081,0,0.02759999968111515,0),(156133,0,86,'2022-05-31','13:00:00.000000',0.03060000017285347,0,0.026599999517202377,0),(156134,0,86,'2022-05-31','13:30:00.000000',0.05700000002980232,0,0.041600000113248825,0),(156135,0,86,'2022-05-31','14:00:00.000000',0.05620000138878822,0,0.0414000004529953,0),(156136,0,86,'2022-05-31','14:30:00.000000',0.04859999939799309,0,0.029999999329447746,0),(156137,0,86,'2022-05-31','15:00:00.000000',0.04879999905824661,0,0.03579999879002571,0),(156138,0,86,'2022-05-31','15:30:00.000000',0.04619999974966049,0,0.03519999980926514,0),(156139,0,86,'2022-05-31','16:00:00.000000',0.058400001376867294,0,0.04259999841451645,0),(156140,0,86,'2022-05-31','16:30:00.000000',0.055399999022483826,0,0.03700000047683716,0),(156141,0,86,'2022-05-31','17:00:00.000000',0.028200000524520874,0,0.025200000032782555,0),(156142,0,86,'2022-05-31','17:30:00.000000',0.03359999880194664,0,0.031199999153614044,0),(156143,0,86,'2022-05-31','18:00:00.000000',0.03460000082850456,0,0.03220000118017197,0),(156144,0,86,'2022-05-31','18:30:00.000000',0.03200000151991844,0,0.028599999845027924,0),(156145,0,86,'2022-05-31','19:00:00.000000',0.01640000008046627,0,0.015399999916553497,0),(156146,0,86,'2022-05-31','19:30:00.000000',0.028599999845027924,0,0.026599999517202377,0),(156147,0,86,'2022-05-31','20:00:00.000000',0.03220000118017197,0,0.030799999833106995,0),(156148,0,86,'2022-05-31','20:30:00.000000',0.03420000150799751,0,0.032600000500679016,0),(156149,0,86,'2022-05-31','21:00:00.000000',0.024800000712275505,0,0.020600000396370888,0),(156150,0,86,'2022-05-31','21:30:00.000000',0.01759999990463257,0,0.013000000268220901,0),(156151,0,86,'2022-05-31','22:00:00.000000',0.0272000003606081,0,0.023800000548362732,0),(156152,0,86,'2022-05-31','22:30:00.000000',0.026200000196695328,0,0.022199999541044235,0),(156153,0,86,'2022-05-31','23:00:00.000000',0.010400000028312206,0,0.00800000037997961,0),(156154,0,86,'2022-05-31','23:30:00.000000',0.006599999964237213,0,0.007400000002235174,0),(156155,0,86,'2022-06-01','00:00:00.000000',0.007199999876320362,0,0.008200000040233135,0),(156156,0,86,'2022-06-01','00:30:00.000000',0.007000000216066837,0,0.00839999970048666,0),(156157,0,86,'2022-06-01','01:00:00.000000',0.004000000189989805,0,0.005799999926239252,0),(156158,0,86,'2022-06-01','01:30:00.000000',0.003599999938160181,0,0.005400000140070915,0),(156159,0,86,'2022-06-01','02:00:00.000000',0.005400000140070915,0,0.007000000216066837,0),(156160,0,86,'2022-06-01','02:30:00.000000',0.007000000216066837,0,0.008200000040233135,0),(156161,0,86,'2022-06-01','03:00:00.000000',0.006599999964237213,0,0.00839999970048666,0),(156162,0,86,'2022-06-01','03:30:00.000000',0.006200000178068876,0,0.008200000040233135,0),(156163,0,99,'2022-05-31','11:30:00.000000',0.8220000267028809,0,0.3700000047683716,0),(156164,0,99,'2022-05-31','12:00:00.000000',0.7829999923706055,0,0.4009999930858612,0),(156165,0,99,'2022-05-31','12:30:00.000000',0.8190000057220459,0,0.46000000834465027,0),(156166,0,99,'2022-05-31','13:00:00.000000',0.8500000238418579,0,0.4869999885559082,0),(156167,0,99,'2022-05-31','13:30:00.000000',0.8820000290870667,0,0.45399999618530273,0),(156168,0,99,'2022-05-31','14:00:00.000000',0.8930000066757202,0,0.4309999942779541,0),(156169,0,99,'2022-05-31','14:30:00.000000',0.8920000195503235,0,0.41200000047683716,0),(156170,0,99,'2022-05-31','15:00:00.000000',0.8289999961853027,0,0.38100001215934753,0),(156171,0,99,'2022-05-31','15:30:00.000000',0.7860000133514404,0,0.3840000033378601,0),(156172,0,99,'2022-05-31','16:00:00.000000',0.828000009059906,0,0.4339999854564667,0),(156173,0,99,'2022-05-31','16:30:00.000000',0.8130000233650208,0,0.4350000023841858,0),(156174,0,99,'2022-05-31','17:00:00.000000',0.7379999756813049,0,0.40799999237060547,0),(156175,0,99,'2022-05-31','17:30:00.000000',0.7099999785423279,0,0.4230000078678131,0),(156176,0,99,'2022-05-31','18:00:00.000000',0.6629999876022339,0,0.4650000035762787,0),(156177,0,99,'2022-05-31','18:30:00.000000',0.6700000166893005,0,0.4429999887943268,0),(156178,0,99,'2022-05-31','19:00:00.000000',0.6809999942779541,0,0.4569999873638153,0),(156179,0,99,'2022-05-31','19:30:00.000000',0.6269999742507935,0,0.3619999885559082,0),(156180,0,99,'2022-05-31','20:00:00.000000',0.6420000195503235,0,0.4180000126361847,0),(156181,0,99,'2022-05-31','20:30:00.000000',0.5870000123977661,0,0.3059999942779541,0),(156182,0,99,'2022-05-31','21:00:00.000000',0.6389999985694885,0,0.3089999854564667,0),(156183,0,99,'2022-05-31','21:30:00.000000',0.5979999899864197,0,0.28700000047683716,0),(156184,0,99,'2022-05-31','22:00:00.000000',0.5950000286102295,0,0.26499998569488525,0),(156185,0,99,'2022-05-31','22:30:00.000000',0.5899999737739563,0,0.257999986410141,0),(156186,0,99,'2022-05-31','23:00:00.000000',0.5740000009536743,0,0.2529999911785126,0),(156187,0,99,'2022-05-31','23:30:00.000000',0.6000000238418579,0,0.2329999953508377,0),(156188,0,99,'2022-06-01','00:00:00.000000',0.6380000114440918,0,0.4050000011920929,0),(156189,0,99,'2022-06-01','00:30:00.000000',0.5899999737739563,0,0.47999998927116394,0),(156190,0,99,'2022-06-01','01:00:00.000000',0.5720000267028809,0,0.46299999952316284,0),(156191,0,99,'2022-06-01','01:30:00.000000',0.5709999799728394,0,0.42500001192092896,0),(156192,0,99,'2022-06-01','02:00:00.000000',0.5910000205039978,0,0.4169999957084656,0),(156193,0,99,'2022-06-01','02:30:00.000000',0.5450000166893005,0,0.39100000262260437,0),(156194,0,99,'2022-06-01','03:00:00.000000',0.5320000052452087,0,0.41100001335144043,0),(156195,0,99,'2022-06-01','03:30:00.000000',0.5460000038146973,0,0.42500001192092896,0),(156196,0,99,'2022-06-01','04:00:00.000000',0.5600000023841858,0,0.39500001072883606,0);
/*!40000 ALTER TABLE `power_profile_m` ENABLE KEYS */;
UNLOCK TABLES;

--
-- Table structure for table `reportsDetalization`
--

DROP TABLE IF EXISTS `reportsDetalization`;
/*!40101 SET @saved_cs_client     = @@character_set_client */;
/*!50503 SET character_set_client = utf8mb4 */;
CREATE TABLE `reportsDetalization` (
  `id` int NOT NULL AUTO_INCREMENT,
  `reportId` int NOT NULL,
  `detalizationType` varchar(50) DEFAULT NULL,
  `tblColMeterType` varchar(500) DEFAULT NULL,
  `tblColMeterAddress` int DEFAULT NULL,
  `tblColTransformRatio` varchar(50) DEFAULT NULL,
  `tblColPeriodStart` varchar(50) DEFAULT NULL,
  `tblColPeriodEnd` varchar(50) DEFAULT NULL,
  `tblColEnergySum` varchar(50) DEFAULT NULL,
  `tblColPowerSum` varchar(50) DEFAULT NULL,
  `tblColDateOfRead` varchar(50) DEFAULT NULL,
  `tblColCheck` varchar(50) DEFAULT NULL,
  PRIMARY KEY (`id`)
) ENGINE=InnoDB AUTO_INCREMENT=217 DEFAULT CHARSET=utf8mb4 COLLATE=utf8mb4_0900_ai_ci;
/*!40101 SET character_set_client = @saved_cs_client */;

--
-- Dumping data for table `reportsDetalization`
--

LOCK TABLES `reportsDetalization` WRITE;
/*!40000 ALTER TABLE `reportsDetalization` DISABLE KEYS */;
INSERT INTO `reportsDetalization` VALUES (167,67,'table-success',' 230',8,'200','31955,996','32541,24','585,244000000002','1170,4850000000017','31.01.2022 11:57:03',' ( ~0,002 )'),(168,67,'table-success',' 230',11,'200','29661,674','30491,088','829,414000000001','1658,8280000000034','31.01.2022 11:31:42',' ( ~0,000 )'),(169,67,'table-success',' 230',19,'200','45394,764','47463,488','2068,72399999999','4137,45000000001','31.01.2022 11:06:22',' ( ~0,001 )'),(170,67,'table-success',' 230',99,'200','13605,602','14286,048','680,446','1360,892','31.01.2022 15:02:27',' ( ~0,000 )'),(171,68,'table-success',' 230',8,'200','31955,996','32541,24','585,244000000002','1170,4850000000017','31.01.2022 11:57:03',' ( ~0,002 )'),(172,68,'table-success',' 230',11,'200','29661,674','30491,088','829,414000000001','1658,8280000000034','31.01.2022 11:31:42',' ( ~0,000 )'),(173,68,'table-success',' 230',19,'200','45394,764','47463,488','2068,72399999999','4137,45000000001','31.01.2022 11:06:22',' ( ~0,001 )'),(174,68,'table-success',' 230',99,'200','13605,602','14286,048','680,446','1360,892','31.01.2022 15:02:27',' ( ~0,000 )'),(175,69,'table-success',' 234',18,'6000','45,997','56,976','10,979','21,958400000000044','31.01.2022 14:35:46',' ( ~0,000 )'),(176,69,'table-success',' 234',86,'6000','51,396','51,414','0,0180000000000007','0,035599999999999896','31.01.2022 14:09:59',' ( ~0,000 )'),(177,70,'table-success',' 234',18,'6000','45,997','56,976','10,979','21,958400000000044','31.01.2022 14:35:46',' ( ~0,000 )'),(178,70,'table-success',' 234',86,'6000','51,396','51,414','0,0180000000000007','0,035599999999999896','31.01.2022 14:09:59',' ( ~0,000 )'),(179,72,'table-success',' 234',18,'6000','45,997','56,976','10,979','21,958400000000044','31.01.2022 14:35:46',' ( ~0,000 )'),(180,72,'table-success',' 234',86,'6000','51,396','51,414','0,0180000000000007','0,035599999999999896','31.01.2022 14:09:59',' ( ~0,000 )'),(181,76,'table-success',' 230',8,'200','31955,996','32541,24','585,244000000002','1170,4850000000017','31.01.2022 11:57:03',' ( ~0,002 )'),(182,76,'table-success',' 230',11,'200','29661,674','30491,088','829,414000000001','1658,8280000000034','31.01.2022 11:31:42',' ( ~0,000 )'),(183,76,'table-success',' 230',19,'200','45394,764','47463,488','2068,72399999999','4137,45000000001','31.01.2022 11:06:22',' ( ~0,001 )'),(184,76,'table-success',' 230',99,'200','13605,602','14286,048','680,446','1360,892','31.01.2022 15:02:27',' ( ~0,000 )'),(185,77,'table-success',' 230',8,'200','31955,996','32541,24','585,244000000002','1170,4850000000017','31.01.2022 11:57:03',' ( ~0,002 )'),(186,77,'table-success',' 230',11,'200','29661,674','30491,088','829,414000000001','1658,8280000000034','31.01.2022 11:31:42',' ( ~0,000 )'),(187,77,'table-success',' 230',19,'200','45394,764','47463,488','2068,72399999999','4137,45000000001','31.01.2022 11:06:22',' ( ~0,001 )'),(188,77,'table-success',' 230',99,'200','13605,602','14286,048','680,446','1360,892','31.01.2022 15:02:27',' ( ~0,000 )'),(189,78,'table-success',' 234',18,'6000','45,997','56,976','10,979','21,958400000000044','31.01.2022 14:35:46',' ( ~0,000 )'),(190,78,'table-success',' 234',86,'6000','51,396','51,414','0,0180000000000007','0,035599999999999896','31.01.2022 14:09:59',' ( ~0,000 )'),(191,79,'table-success',' 234',18,'6000','45,997','56,976','10,979','21,958400000000044','31.01.2022 14:35:46',' ( ~0,000 )'),(192,79,'table-success',' 234',86,'6000','51,396','51,414','0,0180000000000007','0,035599999999999896','31.01.2022 14:09:59',' ( ~0,000 )'),(193,80,'table-success',' 234',18,'6000','45,997','56,976','10,979','21,958400000000044','31.01.2022 14:35:46',' ( ~0,000 )'),(194,80,'table-success',' 234',86,'6000','51,396','51,414','0,0180000000000007','0,035599999999999896','31.01.2022 14:09:59',' ( ~0,000 )'),(195,81,'table-success',' 234',18,'6000','45,997','56,976','10,979','21,958400000000044','31.01.2022 14:35:46',' ( ~0,000 )'),(196,81,'table-success',' 234',86,'6000','51,396','51,414','0,0180000000000007','0,035599999999999896','31.01.2022 14:09:59',' ( ~0,000 )'),(197,82,'table-success',' 230',8,'200','31955,996','32541,24','585,244000000002','1170,4850000000017','31.01.2022 11:57:03',' ( ~0,002 )'),(198,82,'table-success',' 230',11,'200','29661,674','30491,088','829,414000000001','1658,8280000000034','31.01.2022 11:31:42',' ( ~0,000 )'),(199,82,'table-success',' 230',19,'200','45394,764','47463,488','2068,72399999999','4137,45000000001','31.01.2022 11:06:22',' ( ~0,001 )'),(200,82,'table-success',' 230',99,'200','13605,602','14286,048','680,446','1360,892','31.01.2022 15:02:27',' ( ~0,000 )'),(201,83,'table-success',' 230',8,'200','30631,544','31510,74','879,196','1758,3909999999973','31.01.2022 9:02:01',' ( ~0,001 )'),(202,83,'table-success',' 230',11,'200','27898,848','28887,408','988,559999999998','1977,1230000000035','31.01.2022 9:01:08',' ( ~0,002 )'),(203,83,'table-success',' 230',19,'200','42619,016','43963,944','1344,928','2689,8619999999974','31.01.2022 9:00:16',' ( ~0,003 )'),(204,83,'table-danger',' 230',99,'200',NULL,NULL,NULL,'1279,446',NULL,'  ( ~639,723 )'),(205,84,'table-danger',' 234',18,'6000',NULL,NULL,NULL,'6,313599999999973',NULL,'  ( ~3,157 )'),(206,84,'table-warning',' 234',86,'6000',NULL,NULL,NULL,'10,551799999999988',NULL,' ( ~5,276 )'),(207,0,'table-success',' 230',8,'200','30631,544','31510,74','879,196','1758,3909999999973','31.01.2022 9:02:01',' ( ~0,001 )'),(208,0,'table-success',' 230',11,'200','27898,848','28887,408','988,559999999998','1977,1230000000035','31.01.2022 9:01:08',' ( ~0,002 )'),(209,0,'table-success',' 230',19,'200','42619,016','43963,944','1344,928','2689,8619999999974','31.01.2022 9:00:16',' ( ~0,003 )'),(210,0,'table-danger',' 230',99,'200',NULL,NULL,NULL,'1279,446',NULL,'  ( ~639,723 )'),(211,3,'table-success',' 230',8,'200','30631,544','31510,74','879,196','1758,3909999999973','31.01.2022 9:02:01',' ( ~0,001 )'),(212,3,'table-success',' 230',11,'200','27898,848','28887,408','988,559999999998','1977,1230000000035','31.01.2022 9:01:08',' ( ~0,002 )'),(213,3,'table-success',' 230',19,'200','42619,016','43963,944','1344,928','2689,8619999999974','31.01.2022 9:00:16',' ( ~0,003 )'),(214,3,'table-danger',' 230',99,'200',NULL,NULL,NULL,'1279,446',NULL,'  ( ~639,723 )'),(215,4,'table-danger',' 234',18,'6000',NULL,NULL,NULL,'6,313599999999973',NULL,'  ( ~3,157 )'),(216,4,'table-warning',' 234',86,'6000',NULL,NULL,NULL,'10,551799999999988',NULL,' ( ~5,276 )');
/*!40000 ALTER TABLE `reportsDetalization` ENABLE KEYS */;
UNLOCK TABLES;

--
-- Table structure for table `reportsHistory`
--

DROP TABLE IF EXISTS `reportsHistory`;
/*!40101 SET @saved_cs_client     = @@character_set_client */;
/*!50503 SET character_set_client = utf8mb4 */;
CREATE TABLE `reportsHistory` (
  `id` int NOT NULL AUTO_INCREMENT,
  `companyName` varchar(1000) NOT NULL,
  `reportsDate` date NOT NULL,
  `periodStartDate` date NOT NULL,
  `periodEndDate` date NOT NULL,
  `CompanyInn` varchar(500) CHARACTER SET utf8mb4 COLLATE utf8mb4_0900_ai_ci NOT NULL,
  `recordCreateDate` datetime(6) NOT NULL,
  PRIMARY KEY (`id`)
) ENGINE=InnoDB AUTO_INCREMENT=5 DEFAULT CHARSET=utf8mb4 COLLATE=utf8mb4_0900_ai_ci;
/*!40101 SET character_set_client = @saved_cs_client */;

--
-- Dumping data for table `reportsHistory`
--

LOCK TABLES `reportsHistory` WRITE;
/*!40000 ALTER TABLE `reportsHistory` DISABLE KEYS */;
INSERT INTO `reportsHistory` VALUES (1,'   ','2022-05-26','2021-10-01','2021-11-01','1623000219','2022-05-26 11:10:57.917211'),(2,'   ','2022-05-26','2021-10-01','2021-11-01','1623000219','2022-05-26 11:17:24.454521'),(3,'   ','2022-05-26','2021-10-01','2021-11-01','1623000219','2022-05-26 11:20:37.915090'),(4,' ','2022-05-25','2021-10-01','2021-11-01','1623013176','2022-05-26 11:25:21.117437');
/*!40000 ALTER TABLE `reportsHistory` ENABLE KEYS */;
UNLOCK TABLES;

--
-- Table structure for table `shedules`
--

DROP TABLE IF EXISTS `shedules`;
/*!40101 SET @saved_cs_client     = @@character_set_client */;
/*!50503 SET character_set_client = utf8mb4 */;
CREATE TABLE `shedules` (
  `id` int NOT NULL AUTO_INCREMENT,
  `name` varchar(50) NOT NULL,
  `status` tinyint(1) NOT NULL,
  `creating_date` datetime NOT NULL,
  `communic_point_id` int NOT NULL,
  `shedule` varchar(100) NOT NULL,
  PRIMARY KEY (`id`,`name`)
) ENGINE=InnoDB AUTO_INCREMENT=78 DEFAULT CHARSET=utf8mb4 COLLATE=utf8mb4_0900_ai_ci;
/*!40101 SET character_set_client = @saved_cs_client */;

--
-- Dumping data for table `shedules`
--

LOCK TABLES `shedules` WRITE;
/*!40000 ALTER TABLE `shedules` DISABLE KEYS */;
INSERT INTO `shedules` VALUES (77,'full',0,'2022-05-31 11:42:00',2,'every day');
/*!40000 ALTER TABLE `shedules` ENABLE KEYS */;
UNLOCK TABLES;

--
-- Table structure for table `shedules_logs`
--

DROP TABLE IF EXISTS `shedules_logs`;
/*!40101 SET @saved_cs_client     = @@character_set_client */;
/*!50503 SET character_set_client = utf8mb4 */;
CREATE TABLE `shedules_logs` (
  `id` int NOT NULL AUTO_INCREMENT,
  `status` varchar(10) NOT NULL,
  `date_time` datetime NOT NULL,
  `shedule_id` int NOT NULL,
  `description` varchar(200) NOT NULL,
  PRIMARY KEY (`id`)
) ENGINE=InnoDB AUTO_INCREMENT=944 DEFAULT CHARSET=utf8mb4 COLLATE=utf8mb4_0900_ai_ci;
/*!40101 SET character_set_client = @saved_cs_client */;

--
-- Dumping data for table `shedules_logs`
--

LOCK TABLES `shedules_logs` WRITE;
/*!40000 ALTER TABLE `shedules_logs` DISABLE KEYS */;
INSERT INTO `shedules_logs` VALUES (847,'info','2022-07-22 11:36:10',76,'Test connection (address: 8)'),(848,'success','2022-07-22 11:36:10',76,'Test connection [OK] (address:8)'),(849,'info','2022-07-22 11:36:10',76,'Authenticate (address: 8)'),(850,'success','2022-07-22 11:36:10',76,'Authenticate [OK] (address:8)'),(851,'info','2022-07-22 11:36:10',76,'ExecutionVersionRead (address: 8)'),(852,'success','2022-07-22 11:36:10',76,'ExecutionVersionRead [OK] (address:8)'),(853,'info','2022-07-22 11:36:10',76,'GetLastRecordOnMeter (address: 8)'),(854,'success','2022-07-22 11:36:10',76,'GetLastRecordOnMeter [OK] (address:8)'),(855,'info','2022-07-22 11:36:44',76,'GetEnergyValues request (address:8 month:6 year:2022)'),(856,'info','2022-07-22 11:36:55',76,'Test connection (address: 11)'),(857,'success','2022-07-22 11:36:55',76,'Test connection [OK] (address:11)'),(858,'info','2022-07-22 11:36:55',76,'Authenticate (address: 11)'),(859,'success','2022-07-22 11:36:55',76,'Authenticate [OK] (address:11)'),(860,'info','2022-07-22 11:36:55',76,'ExecutionVersionRead (address: 11)'),(861,'success','2022-07-22 11:36:55',76,'ExecutionVersionRead [OK] (address:11)'),(862,'info','2022-07-22 11:36:55',76,'GetLastRecordOnMeter (address: 11)'),(863,'success','2022-07-22 11:36:55',76,'GetLastRecordOnMeter [OK] (address:11)'),(864,'info','2022-07-22 11:37:29',76,'GetEnergyValues request (address:11 month:6 year:2022)'),(865,'info','2022-07-22 11:37:40',76,'Test connection (address: 19)'),(866,'success','2022-07-22 11:37:40',76,'Test connection [OK] (address:19)'),(867,'info','2022-07-22 11:37:40',76,'Authenticate (address: 19)'),(868,'success','2022-07-22 11:37:40',76,'Authenticate [OK] (address:19)'),(869,'info','2022-07-22 11:37:40',76,'ExecutionVersionRead (address: 19)'),(870,'success','2022-07-22 11:37:40',76,'ExecutionVersionRead [OK] (address:19)'),(871,'info','2022-07-22 11:37:40',76,'GetLastRecordOnMeter (address: 19)'),(872,'success','2022-07-22 11:37:40',76,'GetLastRecordOnMeter [OK] (address:19)'),(873,'info','2022-07-22 11:38:15',76,'GetEnergyValues request (address:19 month:6 year:2022)'),(874,'info','2022-07-22 11:38:55',76,'SetGatewayParameters (address: 99)'),(875,'success','2022-07-22 11:38:55',76,'SetGatewayParameters [OK] (address:99)'),(876,'info','2022-07-22 11:38:55',76,'Test connectionGateway (address: 99)'),(877,'success','2022-07-22 11:38:55',76,'TestGateway connection [OK] (address:99)'),(878,'info','2022-07-22 11:38:55',76,'AuthenticateGateway (address: 99)'),(879,'success','2022-07-22 11:38:55',76,'AuthenticateGateway [OK] (address:99)'),(880,'info','2022-07-22 11:38:55',76,'ExecutionVersionReadGateway (address: 99)'),(881,'success','2022-07-22 11:38:55',76,'ExecutionVersionReadGateway [OK] (address:99)'),(882,'info','2022-07-22 11:38:55',76,'GetLastRecordOnMeterGateway (address: 99)'),(883,'success','2022-07-22 11:38:55',76,'GetLastRecordOnMeterGateway [OK] (address:99)'),(884,'info','2022-07-22 11:39:29',76,'GetEnergyValues request (address:99 month:6 year:2022)'),(885,'info','2022-07-22 11:44:25',77,'Test connection (address: 8)'),(886,'success','2022-07-22 11:44:25',77,'Test connection [OK] (address:8)'),(887,'info','2022-07-22 11:44:25',77,'Authenticate (address: 8)'),(888,'success','2022-07-22 11:44:25',77,'Authenticate [OK] (address:8)'),(889,'info','2022-07-22 11:44:25',77,'ExecutionVersionRead (address: 8)'),(890,'success','2022-07-22 11:44:25',77,'ExecutionVersionRead [OK] (address:8)'),(891,'info','2022-07-22 11:44:25',77,'GetLastRecordOnMeter (address: 8)'),(892,'success','2022-07-22 11:44:25',77,'GetLastRecordOnMeter [OK] (address:8)'),(893,'info','2022-07-22 11:45:00',77,'GetEnergyValues request (address:8 month:5 year:2022)'),(894,'info','2022-07-22 11:45:10',77,'Test connection (address: 11)'),(895,'success','2022-07-22 11:45:10',77,'Test connection [OK] (address:11)'),(896,'info','2022-07-22 11:45:10',77,'Authenticate (address: 11)'),(897,'success','2022-07-22 11:45:10',77,'Authenticate [OK] (address:11)'),(898,'info','2022-07-22 11:45:10',77,'ExecutionVersionRead (address: 11)'),(899,'success','2022-07-22 11:45:10',77,'ExecutionVersionRead [OK] (address:11)'),(900,'info','2022-07-22 11:45:10',77,'GetLastRecordOnMeter (address: 11)'),(901,'success','2022-07-22 11:45:10',77,'GetLastRecordOnMeter [OK] (address:11)'),(902,'info','2022-07-22 11:45:47',77,'GetEnergyValues request (address:11 month:5 year:2022)'),(903,'info','2022-07-22 11:45:58',77,'Test connection (address: 19)'),(904,'success','2022-07-22 11:45:58',77,'Test connection [OK] (address:19)'),(905,'info','2022-07-22 11:45:58',77,'Authenticate (address: 19)'),(906,'success','2022-07-22 11:45:58',77,'Authenticate [OK] (address:19)'),(907,'info','2022-07-22 11:45:58',77,'ExecutionVersionRead (address: 19)'),(908,'success','2022-07-22 11:45:58',77,'ExecutionVersionRead [OK] (address:19)'),(909,'info','2022-07-22 11:45:58',77,'GetLastRecordOnMeter (address: 19)'),(910,'success','2022-07-22 11:45:58',77,'GetLastRecordOnMeter [OK] (address:19)'),(911,'info','2022-07-22 11:46:32',77,'GetEnergyValues request (address:19 month:5 year:2022)'),(912,'info','2022-07-22 11:47:18',77,'Test connection (address: 18)'),(913,'success','2022-07-22 11:47:18',77,'Test connection [OK] (address:18)'),(914,'error','2022-07-22 11:47:18',77,'Error: No response on authenticate request (address: 18)'),(915,'info','2022-07-22 11:48:37',77,'Test connection (address: 18)'),(916,'success','2022-07-22 11:48:37',77,'Test connection [OK] (address:18)'),(917,'info','2022-07-22 11:48:37',77,'Authenticate (address: 18)'),(918,'success','2022-07-22 11:48:37',77,'Authenticate [OK] (address:18)'),(919,'info','2022-07-22 11:48:37',77,'ExecutionVersionRead (address: 18)'),(920,'success','2022-07-22 11:48:37',77,'ExecutionVersionRead [OK] (address:18)'),(921,'info','2022-07-22 11:48:37',77,'GetLastRecordOnMeter (address: 18)'),(922,'success','2022-07-22 11:48:37',77,'GetLastRecordOnMeter [OK] (address:18)'),(923,'info','2022-07-22 11:49:12',77,'GetEnergyValues request (address:18 month:5 year:2022)'),(924,'info','2022-07-22 11:49:22',77,'Test connection (address: 86)'),(925,'success','2022-07-22 11:49:22',77,'Test connection [OK] (address:86)'),(926,'info','2022-07-22 11:49:22',77,'Authenticate (address: 86)'),(927,'success','2022-07-22 11:49:22',77,'Authenticate [OK] (address:86)'),(928,'info','2022-07-22 11:49:22',77,'ExecutionVersionRead (address: 86)'),(929,'success','2022-07-22 11:49:22',77,'ExecutionVersionRead [OK] (address:86)'),(930,'info','2022-07-22 11:49:22',77,'GetLastRecordOnMeter (address: 86)'),(931,'success','2022-07-22 11:49:22',77,'GetLastRecordOnMeter [OK] (address:86)'),(932,'info','2022-07-22 11:49:57',77,'GetEnergyValues request (address:86 month:5 year:2022)'),(933,'info','2022-07-22 11:50:37',77,'SetGatewayParameters (address: 99)'),(934,'success','2022-07-22 11:50:37',77,'SetGatewayParameters [OK] (address:99)'),(935,'info','2022-07-22 11:50:37',77,'Test connectionGateway (address: 99)'),(936,'success','2022-07-22 11:50:37',77,'TestGateway connection [OK] (address:99)'),(937,'info','2022-07-22 11:50:37',77,'AuthenticateGateway (address: 99)'),(938,'success','2022-07-22 11:50:37',77,'AuthenticateGateway [OK] (address:99)'),(939,'info','2022-07-22 11:50:37',77,'ExecutionVersionReadGateway (address: 99)'),(940,'success','2022-07-22 11:50:37',77,'ExecutionVersionReadGateway [OK] (address:99)'),(941,'info','2022-07-22 11:50:37',77,'GetLastRecordOnMeterGateway (address: 99)'),(942,'success','2022-07-22 11:50:37',77,'GetLastRecordOnMeterGateway [OK] (address:99)'),(943,'info','2022-07-22 11:51:12',77,'GetEnergyValues request (address:99 month:5 year:2022)');
/*!40000 ALTER TABLE `shedules_logs` ENABLE KEYS */;
UNLOCK TABLES;

--
-- Table structure for table `shedules_meters`
--

DROP TABLE IF EXISTS `shedules_meters`;
/*!40101 SET @saved_cs_client     = @@character_set_client */;
/*!50503 SET character_set_client = utf8mb4 */;
CREATE TABLE `shedules_meters` (
  `id` int NOT NULL AUTO_INCREMENT,
  `shedule_id` int NOT NULL,
  `meter_id` int NOT NULL,
  PRIMARY KEY (`id`)
) ENGINE=InnoDB AUTO_INCREMENT=127 DEFAULT CHARSET=utf8mb4 COLLATE=utf8mb4_0900_ai_ci;
/*!40101 SET character_set_client = @saved_cs_client */;

--
-- Dumping data for table `shedules_meters`
--

LOCK TABLES `shedules_meters` WRITE;
/*!40000 ALTER TABLE `shedules_meters` DISABLE KEYS */;
INSERT INTO `shedules_meters` VALUES (121,77,8),(122,77,9),(123,77,10),(124,77,11),(125,77,12),(126,77,15);
/*!40000 ALTER TABLE `shedules_meters` ENABLE KEYS */;
UNLOCK TABLES;

--
-- Table structure for table `usersConfig`
--

DROP TABLE IF EXISTS `usersConfig`;
/*!40101 SET @saved_cs_client     = @@character_set_client */;
/*!50503 SET character_set_client = utf8mb4 */;
CREATE TABLE `usersConfig` (
  `id` int NOT NULL AUTO_INCREMENT,
  `userLogin` varchar(450) CHARACTER SET utf8mb4 COLLATE utf8mb4_0900_ai_ci NOT NULL,
  `configPropertyName` varchar(500) NOT NULL DEFAULT '',
  `configPropertyValue` varchar(1000) DEFAULT NULL,
  PRIMARY KEY (`id`,`userLogin`(255),`configPropertyName`(255))
) ENGINE=InnoDB DEFAULT CHARSET=utf8mb4 COLLATE=utf8mb4_0900_ai_ci;
/*!40101 SET character_set_client = @saved_cs_client */;

--
-- Dumping data for table `usersConfig`
--

LOCK TABLES `usersConfig` WRITE;
/*!40000 ALTER TABLE `usersConfig` DISABLE KEYS */;
/*!40000 ALTER TABLE `usersConfig` ENABLE KEYS */;
UNLOCK TABLES;
/*!40103 SET TIME_ZONE=@OLD_TIME_ZONE */;

/*!40101 SET SQL_MODE=@OLD_SQL_MODE */;
/*!40014 SET FOREIGN_KEY_CHECKS=@OLD_FOREIGN_KEY_CHECKS */;
/*!40014 SET UNIQUE_CHECKS=@OLD_UNIQUE_CHECKS */;
/*!40101 SET CHARACTER_SET_CLIENT=@OLD_CHARACTER_SET_CLIENT */;
/*!40101 SET CHARACTER_SET_RESULTS=@OLD_CHARACTER_SET_RESULTS */;
/*!40101 SET COLLATION_CONNECTION=@OLD_COLLATION_CONNECTION */;
/*!40111 SET SQL_NOTES=@OLD_SQL_NOTES */;

-- Dump completed on 2022-07-28 11:32:01
